2025-11-10 13:07:07,947 - INFO - root - Auto-scan started
2025-11-10 13:08:25,191 - INFO - root - Auto-scan stopped
2025-11-10 13:29:52,390 - INFO - root - Starting news scan...
2025-11-10 13:29:52,390 - INFO - root - Auto-scan started
2025-11-10 13:29:52,391 - INFO - root - Starting enhanced scraping of 4 feeds...
2025-11-10 13:29:52,392 - INFO - root - Application started successfully
2025-11-10 13:29:52,393 - INFO - root - Scraping BBC News (attempt 1)...
2025-11-10 13:30:19,019 - WARNING - root - Attempt 1 failed for BBC News: HTTPSConnectionPool(host='api.allorigins.win', port=443): Read timed out. (read timeout=15)
2025-11-10 13:30:21,023 - INFO - root - Scraping BBC News (attempt 2)...
2025-11-10 13:30:44,379 - WARNING - root - Attempt 2 failed for BBC News: HTTPSConnectionPool(host='api.allorigins.win', port=443): Read timed out. (read timeout=15)
2025-11-10 13:30:44,381 - ERROR - root - All attempts failed for BBC News: HTTPSConnectionPool(host='api.allorigins.win', port=443): Read timed out. (read timeout=15)
2025-11-10 13:30:44,383 - WARNING - root - ⚠️ No articles found from BBC News
2025-11-10 13:30:45,384 - INFO - root - Scraping Reuters World News (attempt 1)...
2025-11-10 13:30:58,849 - INFO - root - Found 0 articles from Reuters World News
2025-11-10 13:30:58,851 - WARNING - root - ⚠️ No articles found from Reuters World News
2025-11-10 13:30:59,853 - INFO - root - Scraping Al Jazeera English (attempt 1)...
2025-11-10 13:31:02,279 - INFO - root - Found 0 articles from Al Jazeera English
2025-11-10 13:31:02,281 - WARNING - root - ⚠️ No articles found from Al Jazeera English
2025-11-10 13:31:03,283 - INFO - root - Scraping The Guardian World (attempt 1)...
2025-11-10 13:31:11,512 - INFO - root - Found 10 articles from The Guardian World
2025-11-10 13:31:11,513 - INFO - root - ✅ Successfully got 10 articles from The Guardian World
2025-11-10 13:31:12,553 - INFO - root - News scan completed. Found 10 articles, 2 approved.
2025-11-10 13:46:12,556 - INFO - root - Starting news scan...
2025-11-10 13:46:12,557 - INFO - root - Starting enhanced scraping of 4 feeds...
2025-11-10 13:46:12,559 - INFO - root - Scraping BBC News (attempt 1)...
2025-11-10 13:46:39,189 - WARNING - root - Attempt 1 failed for BBC News: HTTPSConnectionPool(host='api.allorigins.win', port=443): Read timed out. (read timeout=15)
2025-11-10 13:46:41,191 - INFO - root - Scraping BBC News (attempt 2)...
2025-11-10 13:47:04,525 - WARNING - root - Attempt 2 failed for BBC News: HTTPSConnectionPool(host='api.allorigins.win', port=443): Read timed out. (read timeout=15)
2025-11-10 13:47:04,527 - ERROR - root - All attempts failed for BBC News: HTTPSConnectionPool(host='api.allorigins.win', port=443): Read timed out. (read timeout=15)
2025-11-10 13:47:04,529 - WARNING - root - ⚠️ No articles found from BBC News
2025-11-10 13:47:05,531 - INFO - root - Scraping Reuters World News (attempt 1)...
2025-11-10 13:47:29,194 - WARNING - root - Attempt 1 failed for Reuters World News: HTTPSConnectionPool(host='api.allorigins.win', port=443): Read timed out. (read timeout=15)
2025-11-10 13:47:31,196 - INFO - root - Scraping Reuters World News (attempt 2)...
2025-11-10 13:48:00,190 - WARNING - root - Attempt 2 failed for Reuters World News: HTTPSConnectionPool(host='api.allorigins.win', port=443): Max retries exceeded with url: /get?url=https%3A//www.reutersagency.com/feed/%3Fbest-topics%3Dworld-news%26post_type%3Dbest (Caused by ConnectTimeoutError(<urllib3.connection.HTTPSConnection object at 0x0000022790718CD0>, 'Connection to api.allorigins.win timed out. (connect timeout=15)'))
2025-11-10 13:48:00,191 - ERROR - root - All attempts failed for Reuters World News: HTTPSConnectionPool(host='api.allorigins.win', port=443): Max retries exceeded with url: /get?url=https%3A//www.reutersagency.com/feed/%3Fbest-topics%3Dworld-news%26post_type%3Dbest (Caused by ConnectTimeoutError(<urllib3.connection.HTTPSConnection object at 0x0000022790718CD0>, 'Connection to api.allorigins.win timed out. (connect timeout=15)'))
2025-11-10 13:48:00,194 - WARNING - root - ⚠️ No articles found from Reuters World News
2025-11-10 13:48:01,196 - INFO - root - Scraping Al Jazeera English (attempt 1)...
2025-11-10 13:48:11,217 - WARNING - root - Attempt 1 failed for Al Jazeera English: HTTPSConnectionPool(host='api.allorigins.win', port=443): Max retries exceeded with url: /get?url=https%3A//www.aljazeera.com/xml/rss/all.xml (Caused by NameResolutionError("<urllib3.connection.HTTPSConnection object at 0x0000022790719590>: Failed to resolve 'api.allorigins.win' ([Errno 11001] getaddrinfo failed)"))
2025-11-10 13:48:13,219 - INFO - root - Scraping Al Jazeera English (attempt 2)...
2025-11-10 13:48:13,288 - WARNING - root - Attempt 2 failed for Al Jazeera English: HTTPSConnectionPool(host='api.allorigins.win', port=443): Max retries exceeded with url: /get?url=https%3A//www.aljazeera.com/xml/rss/all.xml (Caused by NameResolutionError("<urllib3.connection.HTTPSConnection object at 0x00000227906CB390>: Failed to resolve 'api.allorigins.win' ([Errno 11001] getaddrinfo failed)"))
2025-11-10 13:48:13,292 - ERROR - root - All attempts failed for Al Jazeera English: HTTPSConnectionPool(host='api.allorigins.win', port=443): Max retries exceeded with url: /get?url=https%3A//www.aljazeera.com/xml/rss/all.xml (Caused by NameResolutionError("<urllib3.connection.HTTPSConnection object at 0x00000227906CB390>: Failed to resolve 'api.allorigins.win' ([Errno 11001] getaddrinfo failed)"))
2025-11-10 13:48:13,295 - WARNING - root - ⚠️ No articles found from Al Jazeera English
2025-11-10 13:48:14,296 - INFO - root - Scraping The Guardian World (attempt 1)...
2025-11-10 13:48:14,325 - WARNING - root - Attempt 1 failed for The Guardian World: HTTPSConnectionPool(host='api.allorigins.win', port=443): Max retries exceeded with url: /get?url=https%3A//www.theguardian.com/world/rss (Caused by NameResolutionError("<urllib3.connection.HTTPSConnection object at 0x000002279071A0D0>: Failed to resolve 'api.allorigins.win' ([Errno 11001] getaddrinfo failed)"))
2025-11-10 13:48:16,328 - INFO - root - Scraping The Guardian World (attempt 2)...
2025-11-10 13:48:16,357 - WARNING - root - Attempt 2 failed for The Guardian World: HTTPSConnectionPool(host='api.allorigins.win', port=443): Max retries exceeded with url: /get?url=https%3A//www.theguardian.com/world/rss (Caused by NameResolutionError("<urllib3.connection.HTTPSConnection object at 0x00000227907191D0>: Failed to resolve 'api.allorigins.win' ([Errno 11001] getaddrinfo failed)"))
2025-11-10 13:48:16,363 - ERROR - root - All attempts failed for The Guardian World: HTTPSConnectionPool(host='api.allorigins.win', port=443): Max retries exceeded with url: /get?url=https%3A//www.theguardian.com/world/rss (Caused by NameResolutionError("<urllib3.connection.HTTPSConnection object at 0x00000227907191D0>: Failed to resolve 'api.allorigins.win' ([Errno 11001] getaddrinfo failed)"))
2025-11-10 13:48:16,364 - WARNING - root - ⚠️ No articles found from The Guardian World
2025-11-10 13:48:17,371 - INFO - root - News scan completed. Found 0 articles, 0 approved.
2025-11-10 14:03:17,374 - INFO - root - Starting news scan...
2025-11-10 14:03:17,375 - INFO - root - Starting enhanced scraping of 4 feeds...
2025-11-10 14:03:17,377 - INFO - root - Scraping BBC News (attempt 1)...
2025-11-10 14:03:17,413 - WARNING - root - Attempt 1 failed for BBC News: HTTPSConnectionPool(host='api.allorigins.win', port=443): Max retries exceeded with url: /get?url=http%3A//feeds.bbci.co.uk/news/rss.xml (Caused by NameResolutionError("<urllib3.connection.HTTPSConnection object at 0x0000022790718190>: Failed to resolve 'api.allorigins.win' ([Errno 11001] getaddrinfo failed)"))
2025-11-10 14:03:19,418 - INFO - root - Scraping BBC News (attempt 2)...
2025-11-10 14:03:19,454 - WARNING - root - Attempt 2 failed for BBC News: HTTPSConnectionPool(host='api.allorigins.win', port=443): Max retries exceeded with url: /get?url=http%3A//feeds.bbci.co.uk/news/rss.xml (Caused by NameResolutionError("<urllib3.connection.HTTPSConnection object at 0x000002279071B110>: Failed to resolve 'api.allorigins.win' ([Errno 11001] getaddrinfo failed)"))
2025-11-10 14:03:19,459 - ERROR - root - All attempts failed for BBC News: HTTPSConnectionPool(host='api.allorigins.win', port=443): Max retries exceeded with url: /get?url=http%3A//feeds.bbci.co.uk/news/rss.xml (Caused by NameResolutionError("<urllib3.connection.HTTPSConnection object at 0x000002279071B110>: Failed to resolve 'api.allorigins.win' ([Errno 11001] getaddrinfo failed)"))
2025-11-10 14:03:19,461 - WARNING - root - ⚠️ No articles found from BBC News
2025-11-10 14:03:20,463 - INFO - root - Scraping Reuters World News (attempt 1)...
2025-11-10 14:03:20,503 - WARNING - root - Attempt 1 failed for Reuters World News: HTTPSConnectionPool(host='api.allorigins.win', port=443): Max retries exceeded with url: /get?url=https%3A//www.reutersagency.com/feed/%3Fbest-topics%3Dworld-news%26post_type%3Dbest (Caused by NameResolutionError("<urllib3.connection.HTTPSConnection object at 0x0000022793500050>: Failed to resolve 'api.allorigins.win' ([Errno 11001] getaddrinfo failed)"))
2025-11-10 14:03:22,505 - INFO - root - Scraping Reuters World News (attempt 2)...
2025-11-10 14:03:22,542 - WARNING - root - Attempt 2 failed for Reuters World News: HTTPSConnectionPool(host='api.allorigins.win', port=443): Max retries exceeded with url: /get?url=https%3A//www.reutersagency.com/feed/%3Fbest-topics%3Dworld-news%26post_type%3Dbest (Caused by NameResolutionError("<urllib3.connection.HTTPSConnection object at 0x0000022793500F50>: Failed to resolve 'api.allorigins.win' ([Errno 11001] getaddrinfo failed)"))
2025-11-10 14:03:22,544 - ERROR - root - All attempts failed for Reuters World News: HTTPSConnectionPool(host='api.allorigins.win', port=443): Max retries exceeded with url: /get?url=https%3A//www.reutersagency.com/feed/%3Fbest-topics%3Dworld-news%26post_type%3Dbest (Caused by NameResolutionError("<urllib3.connection.HTTPSConnection object at 0x0000022793500F50>: Failed to resolve 'api.allorigins.win' ([Errno 11001] getaddrinfo failed)"))
2025-11-10 14:03:22,546 - WARNING - root - ⚠️ No articles found from Reuters World News
2025-11-10 14:03:23,547 - INFO - root - Scraping Al Jazeera English (attempt 1)...
2025-11-10 14:03:23,579 - WARNING - root - Attempt 1 failed for Al Jazeera English: HTTPSConnectionPool(host='api.allorigins.win', port=443): Max retries exceeded with url: /get?url=https%3A//www.aljazeera.com/xml/rss/all.xml (Caused by NameResolutionError("<urllib3.connection.HTTPSConnection object at 0x0000022793501D10>: Failed to resolve 'api.allorigins.win' ([Errno 11001] getaddrinfo failed)"))
2025-11-10 14:03:25,581 - INFO - root - Scraping Al Jazeera English (attempt 2)...
2025-11-10 14:03:25,618 - WARNING - root - Attempt 2 failed for Al Jazeera English: HTTPSConnectionPool(host='api.allorigins.win', port=443): Max retries exceeded with url: /get?url=https%3A//www.aljazeera.com/xml/rss/all.xml (Caused by NameResolutionError("<urllib3.connection.HTTPSConnection object at 0x0000022793502C10>: Failed to resolve 'api.allorigins.win' ([Errno 11001] getaddrinfo failed)"))
2025-11-10 14:03:25,621 - ERROR - root - All attempts failed for Al Jazeera English: HTTPSConnectionPool(host='api.allorigins.win', port=443): Max retries exceeded with url: /get?url=https%3A//www.aljazeera.com/xml/rss/all.xml (Caused by NameResolutionError("<urllib3.connection.HTTPSConnection object at 0x0000022793502C10>: Failed to resolve 'api.allorigins.win' ([Errno 11001] getaddrinfo failed)"))
2025-11-10 14:03:25,623 - WARNING - root - ⚠️ No articles found from Al Jazeera English
2025-11-10 14:03:26,627 - INFO - root - Scraping The Guardian World (attempt 1)...
2025-11-10 14:03:26,662 - WARNING - root - Attempt 1 failed for The Guardian World: HTTPSConnectionPool(host='api.allorigins.win', port=443): Max retries exceeded with url: /get?url=https%3A//www.theguardian.com/world/rss (Caused by NameResolutionError("<urllib3.connection.HTTPSConnection object at 0x000002279071B890>: Failed to resolve 'api.allorigins.win' ([Errno 11001] getaddrinfo failed)"))
2025-11-10 14:03:28,664 - INFO - root - Scraping The Guardian World (attempt 2)...
2025-11-10 14:03:28,710 - WARNING - root - Attempt 2 failed for The Guardian World: HTTPSConnectionPool(host='api.allorigins.win', port=443): Max retries exceeded with url: /get?url=https%3A//www.theguardian.com/world/rss (Caused by NameResolutionError("<urllib3.connection.HTTPSConnection object at 0x000002279071A990>: Failed to resolve 'api.allorigins.win' ([Errno 11001] getaddrinfo failed)"))
2025-11-10 14:03:28,711 - ERROR - root - All attempts failed for The Guardian World: HTTPSConnectionPool(host='api.allorigins.win', port=443): Max retries exceeded with url: /get?url=https%3A//www.theguardian.com/world/rss (Caused by NameResolutionError("<urllib3.connection.HTTPSConnection object at 0x000002279071A990>: Failed to resolve 'api.allorigins.win' ([Errno 11001] getaddrinfo failed)"))
2025-11-10 14:03:28,712 - WARNING - root - ⚠️ No articles found from The Guardian World
2025-11-10 14:03:29,736 - INFO - root - News scan completed. Found 0 articles, 0 approved.
2025-11-10 14:05:38,223 - INFO - root - Auto-scan stopped
2025-11-10 14:05:38,225 - INFO - root - Application closing
2025-11-10 14:09:14,814 - INFO - root - Starting news scan...
2025-11-10 14:09:14,815 - INFO - root - Auto-scan started
2025-11-10 14:09:14,817 - INFO - root - Starting enhanced scraping of 4 feeds...
2025-11-10 14:09:14,819 - INFO - root - Application started successfully
2025-11-10 14:09:14,820 - INFO - root - Scraping BBC News (attempt 1)...
2025-11-10 14:09:23,557 - INFO - root - Starting news scan...
2025-11-10 14:09:23,563 - INFO - root - Starting enhanced scraping of 4 feeds...
2025-11-10 14:09:23,566 - INFO - root - Scraping BBC News (attempt 1)...
2025-11-10 14:09:25,979 - INFO - root - Manual news scan started
2025-11-10 14:09:41,657 - WARNING - root - Attempt 1 failed for BBC News: HTTPSConnectionPool(host='api.allorigins.win', port=443): Read timed out. (read timeout=15)
2025-11-10 14:09:43,659 - INFO - root - Scraping BBC News (attempt 2)...
2025-11-10 14:09:47,422 - WARNING - root - Attempt 1 failed for BBC News: HTTPSConnectionPool(host='api.allorigins.win', port=443): Read timed out. (read timeout=15)
2025-11-10 14:09:49,424 - INFO - root - Scraping BBC News (attempt 2)...
2025-11-10 14:10:06,795 - WARNING - root - Attempt 2 failed for BBC News: HTTPSConnectionPool(host='api.allorigins.win', port=443): Read timed out. (read timeout=15)
2025-11-10 14:10:06,796 - ERROR - root - All attempts failed for BBC News: HTTPSConnectionPool(host='api.allorigins.win', port=443): Read timed out. (read timeout=15)
2025-11-10 14:10:06,798 - WARNING - root - ⚠️ No articles found from BBC News
2025-11-10 14:10:07,800 - INFO - root - Scraping Reuters World News (attempt 1)...
2025-11-10 14:10:15,164 - WARNING - root - Attempt 2 failed for BBC News: HTTPSConnectionPool(host='api.allorigins.win', port=443): Read timed out. (read timeout=15)
2025-11-10 14:10:15,165 - ERROR - root - All attempts failed for BBC News: HTTPSConnectionPool(host='api.allorigins.win', port=443): Read timed out. (read timeout=15)
2025-11-10 14:10:15,167 - WARNING - root - ⚠️ No articles found from BBC News
2025-11-10 14:10:16,168 - INFO - root - Scraping Reuters World News (attempt 1)...
2025-11-10 14:10:31,336 - WARNING - root - Attempt 1 failed for Reuters World News: HTTPSConnectionPool(host='api.allorigins.win', port=443): Read timed out. (read timeout=15)
2025-11-10 14:10:33,338 - INFO - root - Scraping Reuters World News (attempt 2)...
2025-11-10 14:10:39,356 - WARNING - root - Attempt 1 failed for Reuters World News: HTTPSConnectionPool(host='api.allorigins.win', port=443): Read timed out. (read timeout=15)
2025-11-10 14:10:41,358 - INFO - root - Scraping Reuters World News (attempt 2)...
2025-11-10 14:10:49,682 - INFO - root - Found 0 articles from Reuters World News
2025-11-10 14:10:49,683 - WARNING - root - ⚠️ No articles found from Reuters World News
2025-11-10 14:10:50,684 - INFO - root - Scraping Al Jazeera English (attempt 1)...
2025-11-10 14:11:04,917 - WARNING - root - Attempt 2 failed for Reuters World News: HTTPSConnectionPool(host='api.allorigins.win', port=443): Read timed out. (read timeout=15)
2025-11-10 14:11:04,919 - ERROR - root - All attempts failed for Reuters World News: HTTPSConnectionPool(host='api.allorigins.win', port=443): Read timed out. (read timeout=15)
2025-11-10 14:11:04,920 - WARNING - root - ⚠️ No articles found from Reuters World News
2025-11-10 14:11:05,922 - INFO - root - Scraping Al Jazeera English (attempt 1)...
2025-11-10 14:11:12,760 - WARNING - root - Attempt 1 failed for Al Jazeera English: HTTPSConnectionPool(host='api.allorigins.win', port=443): Read timed out. (read timeout=15)
2025-11-10 14:11:14,762 - INFO - root - Scraping Al Jazeera English (attempt 2)...
2025-11-10 14:11:29,753 - WARNING - root - Attempt 1 failed for Al Jazeera English: HTTPSConnectionPool(host='api.allorigins.win', port=443): Read timed out. (read timeout=15)
2025-11-10 14:11:31,755 - INFO - root - Scraping Al Jazeera English (attempt 2)...
2025-11-10 14:11:33,984 - WARNING - root - Attempt 2 failed for Al Jazeera English: 500 Server Error: Internal Server Error for url: https://api.allorigins.win/get?url=https%3A//www.aljazeera.com/xml/rss/all.xml
2025-11-10 14:11:33,986 - ERROR - root - All attempts failed for Al Jazeera English: 500 Server Error: Internal Server Error for url: https://api.allorigins.win/get?url=https%3A//www.aljazeera.com/xml/rss/all.xml
2025-11-10 14:11:33,988 - WARNING - root - ⚠️ No articles found from Al Jazeera English
2025-11-10 14:11:34,990 - INFO - root - Scraping The Guardian World (attempt 1)...
2025-11-10 14:11:38,225 - WARNING - root - Attempt 2 failed for Al Jazeera English: HTTPSConnectionPool(host='api.allorigins.win', port=443): Read timed out. (read timeout=15)
2025-11-10 14:11:38,227 - ERROR - root - All attempts failed for Al Jazeera English: HTTPSConnectionPool(host='api.allorigins.win', port=443): Read timed out. (read timeout=15)
2025-11-10 14:11:38,227 - WARNING - root - ⚠️ No articles found from Al Jazeera English
2025-11-10 14:11:39,229 - INFO - root - Scraping The Guardian World (attempt 1)...
2025-11-10 14:11:48,057 - INFO - root - Found 10 articles from The Guardian World
2025-11-10 14:11:48,058 - INFO - root - ✅ Successfully got 10 articles from The Guardian World
2025-11-10 14:11:49,090 - INFO - root - News scan completed. Found 10 articles, 2 approved.
2025-11-10 14:11:56,826 - WARNING - root - Attempt 1 failed for The Guardian World: HTTPSConnectionPool(host='api.allorigins.win', port=443): Read timed out. (read timeout=15)
2025-11-10 14:11:58,828 - INFO - root - Scraping The Guardian World (attempt 2)...
2025-11-10 14:12:22,371 - WARNING - root - Attempt 2 failed for The Guardian World: HTTPSConnectionPool(host='api.allorigins.win', port=443): Read timed out. (read timeout=15)
2025-11-10 14:12:22,373 - ERROR - root - All attempts failed for The Guardian World: HTTPSConnectionPool(host='api.allorigins.win', port=443): Read timed out. (read timeout=15)
2025-11-10 14:12:22,375 - WARNING - root - ⚠️ No articles found from The Guardian World
2025-11-10 14:12:23,429 - INFO - root - News scan completed. Found 0 articles, 0 approved.
2025-11-10 14:26:49,093 - INFO - root - Starting news scan...
2025-11-10 14:26:49,094 - INFO - root - Starting enhanced scraping of 4 feeds...
2025-11-10 14:26:49,095 - INFO - root - Scraping BBC News (attempt 1)...
2025-11-10 14:27:19,383 - WARNING - root - Attempt 1 failed for BBC News: HTTPSConnectionPool(host='api.allorigins.win', port=443): Read timed out. (read timeout=15)
2025-11-10 14:27:21,387 - INFO - root - Scraping BBC News (attempt 2)...
2025-11-10 14:27:46,253 - WARNING - root - Attempt 2 failed for BBC News: HTTPSConnectionPool(host='api.allorigins.win', port=443): Read timed out. (read timeout=15)
2025-11-10 14:27:46,262 - ERROR - root - All attempts failed for BBC News: HTTPSConnectionPool(host='api.allorigins.win', port=443): Read timed out. (read timeout=15)
2025-11-10 14:27:46,264 - WARNING - root - ⚠️ No articles found from BBC News
2025-11-10 14:27:47,266 - INFO - root - Scraping Reuters World News (attempt 1)...
2025-11-10 14:28:11,090 - WARNING - root - Attempt 1 failed for Reuters World News: HTTPSConnectionPool(host='api.allorigins.win', port=443): Read timed out. (read timeout=15)
2025-11-10 14:28:13,092 - INFO - root - Scraping Reuters World News (attempt 2)...
2025-11-10 14:28:30,448 - WARNING - root - Attempt 2 failed for Reuters World News: HTTPSConnectionPool(host='api.allorigins.win', port=443): Read timed out. (read timeout=15)
2025-11-10 14:28:30,450 - ERROR - root - All attempts failed for Reuters World News: HTTPSConnectionPool(host='api.allorigins.win', port=443): Read timed out. (read timeout=15)
2025-11-10 14:28:30,451 - WARNING - root - ⚠️ No articles found from Reuters World News
2025-11-10 14:28:31,453 - INFO - root - Scraping Al Jazeera English (attempt 1)...
2025-11-10 14:28:48,245 - WARNING - root - Attempt 1 failed for Al Jazeera English: HTTPSConnectionPool(host='api.allorigins.win', port=443): Read timed out. (read timeout=15)
2025-11-10 14:28:50,246 - INFO - root - Scraping Al Jazeera English (attempt 2)...
2025-11-10 14:29:02,072 - INFO - root - Found 0 articles from Al Jazeera English
2025-11-10 14:29:02,074 - WARNING - root - ⚠️ No articles found from Al Jazeera English
2025-11-10 14:29:03,078 - INFO - root - Scraping The Guardian World (attempt 1)...
2025-11-10 14:29:18,495 - WARNING - root - Attempt 1 failed for The Guardian World: HTTPSConnectionPool(host='api.allorigins.win', port=443): Read timed out. (read timeout=15)
2025-11-10 14:29:20,497 - INFO - root - Scraping The Guardian World (attempt 2)...
2025-11-10 14:29:37,751 - INFO - root - Found 10 articles from The Guardian World
2025-11-10 14:29:37,752 - INFO - root - ✅ Successfully got 10 articles from The Guardian World
2025-11-10 14:29:38,788 - INFO - root - News scan completed. Found 10 articles, 2 approved.
2025-11-10 14:40:03,095 - INFO - root - Auto-scan stopped
2025-11-10 14:40:03,096 - INFO - root - Application closing
2025-11-10 14:40:58,088 - INFO - root - Auto-scan started
2025-11-10 14:40:58,090 - INFO - root - Tweet monitoring started
2025-11-10 14:42:02,216 - INFO - root - Starting enhanced news scan...
2025-11-10 14:42:02,220 - INFO - root - Starting enhanced scraping of 10 feeds...
2025-11-10 14:42:02,222 - INFO - root - Scraping BBC News (attempt 1)...
2025-11-10 14:42:02,315 - WARNING - root - Attempt 1 failed for BBC News: HTTPSConnectionPool(host='api.allorigins.win', port=443): Max retries exceeded with url: /get?url=http%3A//feeds.bbci.co.uk/news/rss.xml (Caused by NameResolutionError("<urllib3.connection.HTTPSConnection object at 0x000001CE4F79FED0>: Failed to resolve 'api.allorigins.win' ([Errno 11001] getaddrinfo failed)"))
2025-11-10 14:42:04,317 - INFO - root - Scraping BBC News (attempt 2)...
2025-11-10 14:42:04,378 - WARNING - root - Attempt 2 failed for BBC News: HTTPSConnectionPool(host='api.allorigins.win', port=443): Max retries exceeded with url: /get?url=http%3A//feeds.bbci.co.uk/news/rss.xml (Caused by NameResolutionError("<urllib3.connection.HTTPSConnection object at 0x000001CE4F7E4CD0>: Failed to resolve 'api.allorigins.win' ([Errno 11001] getaddrinfo failed)"))
2025-11-10 14:42:04,379 - ERROR - root - All attempts failed for BBC News: HTTPSConnectionPool(host='api.allorigins.win', port=443): Max retries exceeded with url: /get?url=http%3A//feeds.bbci.co.uk/news/rss.xml (Caused by NameResolutionError("<urllib3.connection.HTTPSConnection object at 0x000001CE4F7E4CD0>: Failed to resolve 'api.allorigins.win' ([Errno 11001] getaddrinfo failed)"))
2025-11-10 14:42:04,381 - WARNING - root - ⚠️ No articles found from BBC News
2025-11-10 14:42:05,382 - INFO - root - Scraping Reuters World News (attempt 1)...
2025-11-10 14:42:05,439 - WARNING - root - Attempt 1 failed for Reuters World News: HTTPSConnectionPool(host='api.allorigins.win', port=443): Max retries exceeded with url: /get?url=https%3A//www.reutersagency.com/feed/%3Fbest-topics%3Dworld-news%26post_type%3Dbest (Caused by NameResolutionError("<urllib3.connection.HTTPSConnection object at 0x000001CE4F7E5BD0>: Failed to resolve 'api.allorigins.win' ([Errno 11001] getaddrinfo failed)"))
2025-11-10 14:42:07,444 - INFO - root - Scraping Reuters World News (attempt 2)...
2025-11-10 14:42:07,536 - WARNING - root - Attempt 2 failed for Reuters World News: HTTPSConnectionPool(host='api.allorigins.win', port=443): Max retries exceeded with url: /get?url=https%3A//www.reutersagency.com/feed/%3Fbest-topics%3Dworld-news%26post_type%3Dbest (Caused by NameResolutionError("<urllib3.connection.HTTPSConnection object at 0x000001CE4F7E6AD0>: Failed to resolve 'api.allorigins.win' ([Errno 11001] getaddrinfo failed)"))
2025-11-10 14:42:07,541 - ERROR - root - All attempts failed for Reuters World News: HTTPSConnectionPool(host='api.allorigins.win', port=443): Max retries exceeded with url: /get?url=https%3A//www.reutersagency.com/feed/%3Fbest-topics%3Dworld-news%26post_type%3Dbest (Caused by NameResolutionError("<urllib3.connection.HTTPSConnection object at 0x000001CE4F7E6AD0>: Failed to resolve 'api.allorigins.win' ([Errno 11001] getaddrinfo failed)"))
2025-11-10 14:42:07,542 - WARNING - root - ⚠️ No articles found from Reuters World News
2025-11-10 14:42:08,543 - INFO - root - Scraping Al Jazeera English (attempt 1)...
2025-11-10 14:42:08,591 - WARNING - root - Attempt 1 failed for Al Jazeera English: HTTPSConnectionPool(host='api.allorigins.win', port=443): Max retries exceeded with url: /get?url=https%3A//www.aljazeera.com/xml/rss/all.xml (Caused by NameResolutionError("<urllib3.connection.HTTPSConnection object at 0x000001CE4F7E7890>: Failed to resolve 'api.allorigins.win' ([Errno 11001] getaddrinfo failed)"))
2025-11-10 14:42:10,593 - INFO - root - Scraping Al Jazeera English (attempt 2)...
2025-11-10 14:42:10,838 - WARNING - root - Attempt 2 failed for Al Jazeera English: HTTPSConnectionPool(host='api.allorigins.win', port=443): Max retries exceeded with url: /get?url=https%3A//www.aljazeera.com/xml/rss/all.xml (Caused by NameResolutionError("<urllib3.connection.HTTPSConnection object at 0x000001CE4FE147D0>: Failed to resolve 'api.allorigins.win' ([Errno 11001] getaddrinfo failed)"))
2025-11-10 14:42:10,839 - ERROR - root - All attempts failed for Al Jazeera English: HTTPSConnectionPool(host='api.allorigins.win', port=443): Max retries exceeded with url: /get?url=https%3A//www.aljazeera.com/xml/rss/all.xml (Caused by NameResolutionError("<urllib3.connection.HTTPSConnection object at 0x000001CE4FE147D0>: Failed to resolve 'api.allorigins.win' ([Errno 11001] getaddrinfo failed)"))
2025-11-10 14:42:10,840 - WARNING - root - ⚠️ No articles found from Al Jazeera English
2025-11-10 14:42:11,841 - INFO - root - Scraping The Guardian World (attempt 1)...
2025-11-10 14:42:11,910 - WARNING - root - Attempt 1 failed for The Guardian World: HTTPSConnectionPool(host='api.allorigins.win', port=443): Max retries exceeded with url: /get?url=https%3A//www.theguardian.com/world/rss (Caused by NameResolutionError("<urllib3.connection.HTTPSConnection object at 0x000001CE4F79F750>: Failed to resolve 'api.allorigins.win' ([Errno 11001] getaddrinfo failed)"))
2025-11-10 14:42:13,912 - INFO - root - Scraping The Guardian World (attempt 2)...
2025-11-10 14:42:13,968 - WARNING - root - Attempt 2 failed for The Guardian World: HTTPSConnectionPool(host='api.allorigins.win', port=443): Max retries exceeded with url: /get?url=https%3A//www.theguardian.com/world/rss (Caused by NameResolutionError("<urllib3.connection.HTTPSConnection object at 0x000001CE4F79EAD0>: Failed to resolve 'api.allorigins.win' ([Errno 11001] getaddrinfo failed)"))
2025-11-10 14:42:13,973 - ERROR - root - All attempts failed for The Guardian World: HTTPSConnectionPool(host='api.allorigins.win', port=443): Max retries exceeded with url: /get?url=https%3A//www.theguardian.com/world/rss (Caused by NameResolutionError("<urllib3.connection.HTTPSConnection object at 0x000001CE4F79EAD0>: Failed to resolve 'api.allorigins.win' ([Errno 11001] getaddrinfo failed)"))
2025-11-10 14:42:13,976 - WARNING - root - ⚠️ No articles found from The Guardian World
2025-11-10 14:42:14,978 - INFO - root - Scraping The Hindu (India) (attempt 1)...
2025-11-10 14:42:15,036 - WARNING - root - Attempt 1 failed for The Hindu (India): HTTPSConnectionPool(host='api.allorigins.win', port=443): Max retries exceeded with url: /get?url=https%3A//www.thehindu.com/news/international/feeder/default.rss (Caused by NameResolutionError("<urllib3.connection.HTTPSConnection object at 0x000001CE4F7F4A50>: Failed to resolve 'api.allorigins.win' ([Errno 11001] getaddrinfo failed)"))
2025-11-10 14:42:17,038 - INFO - root - Scraping The Hindu (India) (attempt 2)...
2025-11-10 14:42:17,087 - WARNING - root - Attempt 2 failed for The Hindu (India): HTTPSConnectionPool(host='api.allorigins.win', port=443): Max retries exceeded with url: /get?url=https%3A//www.thehindu.com/news/international/feeder/default.rss (Caused by NameResolutionError("<urllib3.connection.HTTPSConnection object at 0x000001CE4F7F5950>: Failed to resolve 'api.allorigins.win' ([Errno 11001] getaddrinfo failed)"))
2025-11-10 14:42:17,089 - ERROR - root - All attempts failed for The Hindu (India): HTTPSConnectionPool(host='api.allorigins.win', port=443): Max retries exceeded with url: /get?url=https%3A//www.thehindu.com/news/international/feeder/default.rss (Caused by NameResolutionError("<urllib3.connection.HTTPSConnection object at 0x000001CE4F7F5950>: Failed to resolve 'api.allorigins.win' ([Errno 11001] getaddrinfo failed)"))
2025-11-10 14:42:17,091 - WARNING - root - ⚠️ No articles found from The Hindu (India)
2025-11-10 14:42:18,093 - INFO - root - Scraping CNN World (attempt 1)...
2025-11-10 14:42:18,145 - WARNING - root - Attempt 1 failed for CNN World: HTTPSConnectionPool(host='api.allorigins.win', port=443): Max retries exceeded with url: /get?url=http%3A//rss.cnn.com/rss/edition.rss (Caused by NameResolutionError("<urllib3.connection.HTTPSConnection object at 0x000001CE4F7F6850>: Failed to resolve 'api.allorigins.win' ([Errno 11001] getaddrinfo failed)"))
2025-11-10 14:42:20,148 - INFO - root - Scraping CNN World (attempt 2)...
2025-11-10 14:42:20,259 - WARNING - root - Attempt 2 failed for CNN World: HTTPSConnectionPool(host='api.allorigins.win', port=443): Max retries exceeded with url: /get?url=http%3A//rss.cnn.com/rss/edition.rss (Caused by NameResolutionError("<urllib3.connection.HTTPSConnection object at 0x000001CE4F7F7750>: Failed to resolve 'api.allorigins.win' ([Errno 11001] getaddrinfo failed)"))
2025-11-10 14:42:20,260 - ERROR - root - All attempts failed for CNN World: HTTPSConnectionPool(host='api.allorigins.win', port=443): Max retries exceeded with url: /get?url=http%3A//rss.cnn.com/rss/edition.rss (Caused by NameResolutionError("<urllib3.connection.HTTPSConnection object at 0x000001CE4F7F7750>: Failed to resolve 'api.allorigins.win' ([Errno 11001] getaddrinfo failed)"))
2025-11-10 14:42:20,261 - WARNING - root - ⚠️ No articles found from CNN World
2025-11-10 14:42:21,262 - INFO - root - Scraping NBC News World (attempt 1)...
2025-11-10 14:42:21,395 - WARNING - root - Attempt 1 failed for NBC News World: HTTPSConnectionPool(host='api.allorigins.win', port=443): Max retries exceeded with url: /get?url=https%3A//feeds.nbcnews.com/nbcnews/public/world (Caused by NameResolutionError("<urllib3.connection.HTTPSConnection object at 0x000001CE4FE14CD0>: Failed to resolve 'api.allorigins.win' ([Errno 11001] getaddrinfo failed)"))
2025-11-10 14:42:23,397 - INFO - root - Scraping NBC News World (attempt 2)...
2025-11-10 14:42:23,477 - WARNING - root - Attempt 2 failed for NBC News World: HTTPSConnectionPool(host='api.allorigins.win', port=443): Max retries exceeded with url: /get?url=https%3A//feeds.nbcnews.com/nbcnews/public/world (Caused by NameResolutionError("<urllib3.connection.HTTPSConnection object at 0x000001CE4FE15450>: Failed to resolve 'api.allorigins.win' ([Errno 11001] getaddrinfo failed)"))
2025-11-10 14:42:23,478 - ERROR - root - All attempts failed for NBC News World: HTTPSConnectionPool(host='api.allorigins.win', port=443): Max retries exceeded with url: /get?url=https%3A//feeds.nbcnews.com/nbcnews/public/world (Caused by NameResolutionError("<urllib3.connection.HTTPSConnection object at 0x000001CE4FE15450>: Failed to resolve 'api.allorigins.win' ([Errno 11001] getaddrinfo failed)"))
2025-11-10 14:42:23,479 - WARNING - root - ⚠️ No articles found from NBC News World
2025-11-10 14:42:24,481 - INFO - root - Scraping DW News (Germany) (attempt 1)...
2025-11-10 14:42:24,533 - WARNING - root - Attempt 1 failed for DW News (Germany): HTTPSConnectionPool(host='api.allorigins.win', port=443): Max retries exceeded with url: /get?url=https%3A//rss.dw.com/rdf/rss-en-all (Caused by NameResolutionError("<urllib3.connection.HTTPSConnection object at 0x000001CE4FE16490>: Failed to resolve 'api.allorigins.win' ([Errno 11001] getaddrinfo failed)"))
2025-11-10 14:42:26,535 - INFO - root - Scraping DW News (Germany) (attempt 2)...
2025-11-10 14:42:26,586 - WARNING - root - Attempt 2 failed for DW News (Germany): HTTPSConnectionPool(host='api.allorigins.win', port=443): Max retries exceeded with url: /get?url=https%3A//rss.dw.com/rdf/rss-en-all (Caused by NameResolutionError("<urllib3.connection.HTTPSConnection object at 0x000001CE4F79EE90>: Failed to resolve 'api.allorigins.win' ([Errno 11001] getaddrinfo failed)"))
2025-11-10 14:42:26,591 - ERROR - root - All attempts failed for DW News (Germany): HTTPSConnectionPool(host='api.allorigins.win', port=443): Max retries exceeded with url: /get?url=https%3A//rss.dw.com/rdf/rss-en-all (Caused by NameResolutionError("<urllib3.connection.HTTPSConnection object at 0x000001CE4F79EE90>: Failed to resolve 'api.allorigins.win' ([Errno 11001] getaddrinfo failed)"))
2025-11-10 14:42:26,592 - WARNING - root - ⚠️ No articles found from DW News (Germany)
2025-11-10 14:42:27,593 - INFO - root - Scraping Press TV (Iran) (attempt 1)...
2025-11-10 14:42:27,665 - WARNING - root - Attempt 1 failed for Press TV (Iran): HTTPSConnectionPool(host='api.allorigins.win', port=443): Max retries exceeded with url: /get?url=https%3A//www.presstv.ir/rss.xml (Caused by NameResolutionError("<urllib3.connection.HTTPSConnection object at 0x000001CE4FE15F90>: Failed to resolve 'api.allorigins.win' ([Errno 11001] getaddrinfo failed)"))
2025-11-10 14:42:29,667 - INFO - root - Scraping Press TV (Iran) (attempt 2)...
2025-11-10 14:42:29,717 - WARNING - root - Attempt 2 failed for Press TV (Iran): HTTPSConnectionPool(host='api.allorigins.win', port=443): Max retries exceeded with url: /get?url=https%3A//www.presstv.ir/rss.xml (Caused by NameResolutionError("<urllib3.connection.HTTPSConnection object at 0x000001CE4FE14190>: Failed to resolve 'api.allorigins.win' ([Errno 11001] getaddrinfo failed)"))
2025-11-10 14:42:29,718 - ERROR - root - All attempts failed for Press TV (Iran): HTTPSConnectionPool(host='api.allorigins.win', port=443): Max retries exceeded with url: /get?url=https%3A//www.presstv.ir/rss.xml (Caused by NameResolutionError("<urllib3.connection.HTTPSConnection object at 0x000001CE4FE14190>: Failed to resolve 'api.allorigins.win' ([Errno 11001] getaddrinfo failed)"))
2025-11-10 14:42:29,721 - WARNING - root - ⚠️ No articles found from Press TV (Iran)
2025-11-10 14:42:30,722 - INFO - root - Scraping Tehran Times (attempt 1)...
2025-11-10 14:42:30,975 - WARNING - root - Attempt 1 failed for Tehran Times: HTTPSConnectionPool(host='api.allorigins.win', port=443): Max retries exceeded with url: /get?url=https%3A//www.tehrantimes.com/rss (Caused by NameResolutionError("<urllib3.connection.HTTPSConnection object at 0x000001CE4FE15090>: Failed to resolve 'api.allorigins.win' ([Errno 11001] getaddrinfo failed)"))
2025-11-10 14:42:32,977 - INFO - root - Scraping Tehran Times (attempt 2)...
2025-11-10 14:42:33,034 - WARNING - root - Attempt 2 failed for Tehran Times: HTTPSConnectionPool(host='api.allorigins.win', port=443): Max retries exceeded with url: /get?url=https%3A//www.tehrantimes.com/rss (Caused by NameResolutionError("<urllib3.connection.HTTPSConnection object at 0x000001CE4FE17390>: Failed to resolve 'api.allorigins.win' ([Errno 11001] getaddrinfo failed)"))
2025-11-10 14:42:33,035 - ERROR - root - All attempts failed for Tehran Times: HTTPSConnectionPool(host='api.allorigins.win', port=443): Max retries exceeded with url: /get?url=https%3A//www.tehrantimes.com/rss (Caused by NameResolutionError("<urllib3.connection.HTTPSConnection object at 0x000001CE4FE17390>: Failed to resolve 'api.allorigins.win' ([Errno 11001] getaddrinfo failed)"))
2025-11-10 14:42:33,043 - WARNING - root - ⚠️ No articles found from Tehran Times
2025-11-10 14:42:34,047 - INFO - root - Scraping completed: 0 successful, 10 failed
2025-11-10 14:42:34,048 - INFO - root - Total unique articles: 0
2025-11-10 14:42:34,121 - INFO - root - Scan completed. Found 0 articles, 0 approved.
2025-11-10 14:42:50,484 - INFO - root - Starting enhanced news scan...
2025-11-10 14:42:50,487 - INFO - root - Starting enhanced scraping of 10 feeds...
2025-11-10 14:42:50,489 - INFO - root - Scraping BBC News (attempt 1)...
2025-11-10 14:43:18,136 - WARNING - root - Attempt 1 failed for BBC News: HTTPSConnectionPool(host='api.allorigins.win', port=443): Read timed out. (read timeout=15)
2025-11-10 14:43:20,138 - INFO - root - Scraping BBC News (attempt 2)...
2025-11-10 14:43:23,957 - INFO - root - Found 0 articles from BBC News
2025-11-10 14:43:23,959 - WARNING - root - ⚠️ No articles found from BBC News
2025-11-10 14:43:24,961 - INFO - root - Scraping Reuters World News (attempt 1)...
2025-11-10 14:43:35,152 - INFO - root - Found 0 articles from Reuters World News
2025-11-10 14:43:35,153 - WARNING - root - ⚠️ No articles found from Reuters World News
2025-11-10 14:43:36,156 - INFO - root - Scraping Al Jazeera English (attempt 1)...
2025-11-10 14:43:38,499 - INFO - root - Found 0 articles from Al Jazeera English
2025-11-10 14:43:38,500 - WARNING - root - ⚠️ No articles found from Al Jazeera English
2025-11-10 14:43:39,502 - INFO - root - Scraping The Guardian World (attempt 1)...
2025-11-10 14:43:40,305 - WARNING - root - Attempt 1 failed for The Guardian World: 500 Server Error: Internal Server Error for url: https://api.allorigins.win/get?url=https%3A//www.theguardian.com/world/rss
2025-11-10 14:43:42,307 - INFO - root - Scraping The Guardian World (attempt 2)...
2025-11-10 14:44:04,524 - WARNING - root - Attempt 2 failed for The Guardian World: HTTPSConnectionPool(host='api.allorigins.win', port=443): Read timed out. (read timeout=15)
2025-11-10 14:44:04,525 - ERROR - root - All attempts failed for The Guardian World: HTTPSConnectionPool(host='api.allorigins.win', port=443): Read timed out. (read timeout=15)
2025-11-10 14:44:04,526 - WARNING - root - ⚠️ No articles found from The Guardian World
2025-11-10 14:44:05,528 - INFO - root - Scraping The Hindu (India) (attempt 1)...
2025-11-10 14:44:21,676 - INFO - root - Found 0 articles from The Hindu (India)
2025-11-10 14:44:21,678 - WARNING - root - ⚠️ No articles found from The Hindu (India)
2025-11-10 14:44:22,680 - INFO - root - Scraping CNN World (attempt 1)...
2025-11-10 14:44:30,091 - INFO - root - Found 0 articles from CNN World
2025-11-10 14:44:30,092 - WARNING - root - ⚠️ No articles found from CNN World
2025-11-10 14:44:31,094 - INFO - root - Scraping NBC News World (attempt 1)...
2025-11-10 14:44:35,930 - INFO - root - Found 15 articles from NBC News World
2025-11-10 14:44:35,932 - INFO - root - ✅ Successfully got 15 articles from NBC News World
2025-11-10 14:44:37,935 - INFO - root - Scraping DW News (Germany) (attempt 1)...
2025-11-10 14:44:45,957 - INFO - root - Found 0 articles from DW News (Germany)
2025-11-10 14:44:45,959 - WARNING - root - ⚠️ No articles found from DW News (Germany)
2025-11-10 14:44:46,961 - INFO - root - Scraping Press TV (Iran) (attempt 1)...
2025-11-10 14:44:52,580 - INFO - root - Found 15 articles from Press TV (Iran)
2025-11-10 14:44:52,582 - INFO - root - ✅ Successfully got 15 articles from Press TV (Iran)
2025-11-10 14:44:54,584 - INFO - root - Scraping Tehran Times (attempt 1)...
2025-11-10 14:44:59,774 - INFO - root - Found 0 articles from Tehran Times
2025-11-10 14:44:59,776 - WARNING - root - ⚠️ No articles found from Tehran Times
2025-11-10 14:45:00,780 - INFO - root - Scraping completed: 2 successful, 8 failed
2025-11-10 14:45:00,781 - INFO - root - Total unique articles: 30
2025-11-10 14:45:01,665 - INFO - root - Scan completed. Found 30 articles, 5 approved.
2025-11-10 14:50:58,088 - INFO - root - Auto-scan triggered
2025-11-10 14:50:58,092 - INFO - root - Starting enhanced news scan...
2025-11-10 14:50:58,095 - INFO - root - Starting enhanced scraping of 14 feeds...
2025-11-10 14:50:58,097 - INFO - root - Scraping BBC News (attempt 1)...
2025-11-10 14:51:03,522 - WARNING - root - Attempt 1 failed for BBC News: 500 Server Error: Internal Server Error for url: https://api.allorigins.win/get?url=http%3A//feeds.bbci.co.uk/news/rss.xml
2025-11-10 14:51:05,523 - INFO - root - Scraping BBC News (attempt 2)...
2025-11-10 14:51:14,888 - INFO - root - Found 0 articles from BBC News
2025-11-10 14:51:14,889 - WARNING - root - ⚠️ No articles found from BBC News
2025-11-10 14:51:15,891 - INFO - root - Scraping Reuters World News (attempt 1)...
2025-11-10 14:51:23,907 - INFO - root - Found 0 articles from Reuters World News
2025-11-10 14:51:23,909 - WARNING - root - ⚠️ No articles found from Reuters World News
2025-11-10 14:51:24,911 - INFO - root - Scraping Al Jazeera English (attempt 1)...
2025-11-10 14:51:27,045 - INFO - root - Found 0 articles from Al Jazeera English
2025-11-10 14:51:27,046 - WARNING - root - ⚠️ No articles found from Al Jazeera English
2025-11-10 14:51:28,047 - INFO - root - Scraping The Guardian World (attempt 1)...
2025-11-10 14:51:34,841 - INFO - root - Found 15 articles from The Guardian World
2025-11-10 14:51:34,844 - INFO - root - ✅ Successfully got 15 articles from The Guardian World
2025-11-10 14:51:36,846 - INFO - root - Scraping The Hindu (India) (attempt 1)...
2025-11-10 14:51:45,166 - INFO - root - Found 0 articles from The Hindu (India)
2025-11-10 14:51:45,168 - WARNING - root - ⚠️ No articles found from The Hindu (India)
2025-11-10 14:51:46,169 - INFO - root - Scraping CNN World (attempt 1)...
2025-11-10 14:51:55,183 - INFO - root - Found 0 articles from CNN World
2025-11-10 14:51:55,185 - WARNING - root - ⚠️ No articles found from CNN World
2025-11-10 14:51:56,187 - INFO - root - Scraping NBC News World (attempt 1)...
2025-11-10 14:52:01,376 - INFO - root - Found 15 articles from NBC News World
2025-11-10 14:52:01,377 - INFO - root - ✅ Successfully got 15 articles from NBC News World
2025-11-10 14:52:03,379 - INFO - root - Scraping DW News (Germany) (attempt 1)...
2025-11-10 14:52:25,404 - WARNING - root - Attempt 1 failed for DW News (Germany): HTTPSConnectionPool(host='api.allorigins.win', port=443): Read timed out. (read timeout=15)
2025-11-10 14:52:27,407 - INFO - root - Scraping DW News (Germany) (attempt 2)...
2025-11-10 14:52:49,635 - WARNING - root - Attempt 2 failed for DW News (Germany): 520 Server Error: <none> for url: https://api.allorigins.win/get?url=https%3A//rss.dw.com/rdf/rss-en-all
2025-11-10 14:52:49,637 - ERROR - root - All attempts failed for DW News (Germany): 520 Server Error: <none> for url: https://api.allorigins.win/get?url=https%3A//rss.dw.com/rdf/rss-en-all
2025-11-10 14:52:49,639 - WARNING - root - ⚠️ No articles found from DW News (Germany)
2025-11-10 14:52:50,641 - INFO - root - Scraping Press TV (Iran) (attempt 1)...
2025-11-10 14:53:01,638 - INFO - root - Found 15 articles from Press TV (Iran)
2025-11-10 14:53:01,639 - INFO - root - ✅ Successfully got 15 articles from Press TV (Iran)
2025-11-10 14:53:03,642 - INFO - root - Scraping Tehran Times (attempt 1)...
2025-11-10 14:53:08,328 - INFO - root - Found 0 articles from Tehran Times
2025-11-10 14:53:08,330 - WARNING - root - ⚠️ No articles found from Tehran Times
2025-11-10 14:53:09,332 - INFO - root - Scraping Arab News (Saudi Arabia) (attempt 1)...
2025-11-10 14:53:10,404 - INFO - root - Found 0 articles from Arab News (Saudi Arabia)
2025-11-10 14:53:10,409 - WARNING - root - ⚠️ No articles found from Arab News (Saudi Arabia)
2025-11-10 14:53:11,412 - INFO - root - Scraping Jerusalem Post (attempt 1)...
2025-11-10 14:53:33,665 - WARNING - root - Attempt 1 failed for Jerusalem Post: HTTPSConnectionPool(host='api.allorigins.win', port=443): Read timed out. (read timeout=15)
2025-11-10 14:53:35,667 - INFO - root - Scraping Jerusalem Post (attempt 2)...
2025-11-10 14:53:59,770 - WARNING - root - Attempt 2 failed for Jerusalem Post: HTTPSConnectionPool(host='api.allorigins.win', port=443): Read timed out. (read timeout=15)
2025-11-10 14:53:59,772 - ERROR - root - All attempts failed for Jerusalem Post: HTTPSConnectionPool(host='api.allorigins.win', port=443): Read timed out. (read timeout=15)
2025-11-10 14:53:59,773 - WARNING - root - ⚠️ No articles found from Jerusalem Post
2025-11-10 14:54:00,775 - INFO - root - Scraping Daily Sabah (Turkey) (attempt 1)...
2025-11-10 14:54:24,819 - WARNING - root - Attempt 1 failed for Daily Sabah (Turkey): HTTPSConnectionPool(host='api.allorigins.win', port=443): Read timed out. (read timeout=15)
2025-11-10 14:54:26,820 - INFO - root - Scraping Daily Sabah (Turkey) (attempt 2)...
2025-11-10 14:54:41,274 - WARNING - root - Attempt 2 failed for Daily Sabah (Turkey): 520 Server Error: <none> for url: https://api.allorigins.win/get?url=https%3A//www.dailysabah.com/rss
2025-11-10 14:54:41,276 - ERROR - root - All attempts failed for Daily Sabah (Turkey): 520 Server Error: <none> for url: https://api.allorigins.win/get?url=https%3A//www.dailysabah.com/rss
2025-11-10 14:54:41,278 - WARNING - root - ⚠️ No articles found from Daily Sabah (Turkey)
2025-11-10 14:54:42,280 - INFO - root - Scraping China Daily (attempt 1)...
2025-11-10 15:02:36,132 - INFO - root - Auto-scan triggered
2025-11-10 15:02:36,133 - INFO - root - Auto-scan started
2025-11-10 15:02:36,135 - INFO - root - Tweet monitoring started
2025-11-10 15:02:36,136 - INFO - root - Starting enhanced news scan...
2025-11-10 15:02:36,139 - INFO - root - Starting enhanced scraping of 14 feeds...
2025-11-10 15:02:36,141 - INFO - root - Scraping BBC News (attempt 1)...
2025-11-10 15:02:59,952 - WARNING - root - Attempt 1 failed for BBC News: 520 Server Error: <none> for url: https://api.allorigins.win/get?url=http%3A//feeds.bbci.co.uk/news/rss.xml
2025-11-10 15:03:01,954 - INFO - root - Scraping BBC News (attempt 2)...
2025-11-10 15:03:16,171 - INFO - root - Found 0 articles from BBC News
2025-11-10 15:03:16,172 - WARNING - root - ⚠️ No articles found from BBC News
2025-11-10 15:03:17,173 - INFO - root - Scraping Reuters World News (attempt 1)...
2025-11-10 15:03:24,794 - INFO - root - Found 0 articles from Reuters World News
2025-11-10 15:03:24,795 - WARNING - root - ⚠️ No articles found from Reuters World News
2025-11-10 15:03:25,796 - INFO - root - Scraping Al Jazeera English (attempt 1)...
2025-11-10 15:03:28,317 - INFO - root - Found 0 articles from Al Jazeera English
2025-11-10 15:03:28,318 - WARNING - root - ⚠️ No articles found from Al Jazeera English
2025-11-10 15:03:29,336 - INFO - root - Scraping The Guardian World (attempt 1)...
2025-11-10 15:03:36,622 - INFO - root - Found 15 articles from The Guardian World
2025-11-10 15:03:36,622 - INFO - root - ✅ Successfully got 15 articles from The Guardian World
2025-11-10 15:03:38,624 - INFO - root - Scraping The Hindu (India) (attempt 1)...
2025-11-10 15:03:46,752 - INFO - root - Found 0 articles from The Hindu (India)
2025-11-10 15:03:46,752 - WARNING - root - ⚠️ No articles found from The Hindu (India)
2025-11-10 15:03:47,754 - INFO - root - Scraping CNN World (attempt 1)...
2025-11-10 15:22:11,230 - INFO - root - Auto-scan triggered
2025-11-10 15:22:11,231 - INFO - root - Auto-scan started
2025-11-10 15:22:11,234 - INFO - root - Tweet monitoring started
2025-11-10 15:22:11,235 - INFO - root - Starting enhanced news scan...
2025-11-10 15:22:11,239 - INFO - root - Starting enhanced scraping of 14 feeds...
2025-11-10 15:22:11,242 - INFO - root - Scraping BBC News (attempt 1)...
2025-11-10 15:22:59,513 - WARNING - root - Attempt 1 failed for BBC News: HTTPSConnectionPool(host='api.allorigins.win', port=443): Max retries exceeded with url: /get?url=http%3A//feeds.bbci.co.uk/news/rss.xml (Caused by NameResolutionError("<urllib3.connection.HTTPSConnection object at 0x0000022101AAFED0>: Failed to resolve 'api.allorigins.win' ([Errno 11001] getaddrinfo failed)"))
2025-11-10 15:23:01,516 - INFO - root - Scraping BBC News (attempt 2)...
2025-11-10 15:23:48,471 - WARNING - root - Attempt 2 failed for BBC News: HTTPSConnectionPool(host='api.allorigins.win', port=443): Max retries exceeded with url: /get?url=http%3A//feeds.bbci.co.uk/news/rss.xml (Caused by ConnectTimeoutError(<urllib3.connection.HTTPSConnection object at 0x0000022105FA0CD0>, 'Connection to api.allorigins.win timed out. (connect timeout=15)'))
2025-11-10 15:23:48,473 - ERROR - root - All attempts failed for BBC News: HTTPSConnectionPool(host='api.allorigins.win', port=443): Max retries exceeded with url: /get?url=http%3A//feeds.bbci.co.uk/news/rss.xml (Caused by ConnectTimeoutError(<urllib3.connection.HTTPSConnection object at 0x0000022105FA0CD0>, 'Connection to api.allorigins.win timed out. (connect timeout=15)'))
2025-11-10 15:23:48,475 - WARNING - root - ⚠️ No articles found from BBC News
2025-11-10 15:23:49,478 - INFO - root - Scraping Reuters World News (attempt 1)...
2025-11-10 15:24:45,723 - WARNING - root - Attempt 1 failed for Reuters World News: ('Connection aborted.', ConnectionResetError(10054, 'An existing connection was forcibly closed by the remote host', None, 10054, None))
2025-11-10 15:24:47,725 - INFO - root - Scraping Reuters World News (attempt 2)...
2025-11-10 15:25:19,524 - WARNING - root - Attempt 2 failed for Reuters World News: HTTPSConnectionPool(host='api.allorigins.win', port=443): Max retries exceeded with url: /get?url=https%3A//www.reutersagency.com/feed/%3Fbest-topics%3Dworld-news%26post_type%3Dbest (Caused by ConnectTimeoutError(<urllib3.connection.HTTPSConnection object at 0x0000022105FA2210>, 'Connection to api.allorigins.win timed out. (connect timeout=15)'))
2025-11-10 15:25:19,526 - ERROR - root - All attempts failed for Reuters World News: HTTPSConnectionPool(host='api.allorigins.win', port=443): Max retries exceeded with url: /get?url=https%3A//www.reutersagency.com/feed/%3Fbest-topics%3Dworld-news%26post_type%3Dbest (Caused by ConnectTimeoutError(<urllib3.connection.HTTPSConnection object at 0x0000022105FA2210>, 'Connection to api.allorigins.win timed out. (connect timeout=15)'))
2025-11-10 15:25:19,528 - WARNING - root - ⚠️ No articles found from Reuters World News
2025-11-10 15:25:20,530 - INFO - root - Scraping Al Jazeera English (attempt 1)...
2025-11-10 15:25:50,625 - WARNING - root - Attempt 1 failed for Al Jazeera English: HTTPSConnectionPool(host='api.allorigins.win', port=443): Max retries exceeded with url: /get?url=https%3A//www.aljazeera.com/xml/rss/all.xml (Caused by ConnectTimeoutError(<urllib3.connection.HTTPSConnection object at 0x0000022101AAF750>, 'Connection to api.allorigins.win timed out. (connect timeout=15)'))
2025-11-10 15:25:52,628 - INFO - root - Scraping Al Jazeera English (attempt 2)...
2025-11-10 15:26:22,693 - WARNING - root - Attempt 2 failed for Al Jazeera English: HTTPSConnectionPool(host='api.allorigins.win', port=443): Max retries exceeded with url: /get?url=https%3A//www.aljazeera.com/xml/rss/all.xml (Caused by ConnectTimeoutError(<urllib3.connection.HTTPSConnection object at 0x0000022101AAEC10>, 'Connection to api.allorigins.win timed out. (connect timeout=15)'))
2025-11-10 15:26:22,695 - ERROR - root - All attempts failed for Al Jazeera English: HTTPSConnectionPool(host='api.allorigins.win', port=443): Max retries exceeded with url: /get?url=https%3A//www.aljazeera.com/xml/rss/all.xml (Caused by ConnectTimeoutError(<urllib3.connection.HTTPSConnection object at 0x0000022101AAEC10>, 'Connection to api.allorigins.win timed out. (connect timeout=15)'))
2025-11-10 15:26:22,697 - WARNING - root - ⚠️ No articles found from Al Jazeera English
2025-11-10 15:26:23,699 - INFO - root - Scraping The Guardian World (attempt 1)...
2025-11-10 15:26:23,723 - WARNING - root - Attempt 1 failed for The Guardian World: HTTPSConnectionPool(host='api.allorigins.win', port=443): Max retries exceeded with url: /get?url=https%3A//www.theguardian.com/world/rss (Caused by NameResolutionError("<urllib3.connection.HTTPSConnection object at 0x0000022105FA20D0>: Failed to resolve 'api.allorigins.win' ([Errno 11001] getaddrinfo failed)"))
2025-11-10 15:26:25,726 - INFO - root - Scraping The Guardian World (attempt 2)...
2025-11-10 15:26:25,761 - WARNING - root - Attempt 2 failed for The Guardian World: HTTPSConnectionPool(host='api.allorigins.win', port=443): Max retries exceeded with url: /get?url=https%3A//www.theguardian.com/world/rss (Caused by NameResolutionError("<urllib3.connection.HTTPSConnection object at 0x0000022105FA11D0>: Failed to resolve 'api.allorigins.win' ([Errno 11001] getaddrinfo failed)"))
2025-11-10 15:26:25,762 - ERROR - root - All attempts failed for The Guardian World: HTTPSConnectionPool(host='api.allorigins.win', port=443): Max retries exceeded with url: /get?url=https%3A//www.theguardian.com/world/rss (Caused by NameResolutionError("<urllib3.connection.HTTPSConnection object at 0x0000022105FA11D0>: Failed to resolve 'api.allorigins.win' ([Errno 11001] getaddrinfo failed)"))
2025-11-10 15:26:25,764 - WARNING - root - ⚠️ No articles found from The Guardian World
2025-11-10 15:26:26,766 - INFO - root - Scraping The Hindu (India) (attempt 1)...
2025-11-10 15:26:26,803 - WARNING - root - Attempt 1 failed for The Hindu (India): HTTPSConnectionPool(host='api.allorigins.win', port=443): Max retries exceeded with url: /get?url=https%3A//www.thehindu.com/news/international/feeder/default.rss (Caused by NameResolutionError("<urllib3.connection.HTTPSConnection object at 0x0000022105FA02D0>: Failed to resolve 'api.allorigins.win' ([Errno 11001] getaddrinfo failed)"))
2025-11-10 15:26:28,806 - INFO - root - Scraping The Hindu (India) (attempt 2)...
2025-11-10 15:26:28,826 - WARNING - root - Attempt 2 failed for The Hindu (India): HTTPSConnectionPool(host='api.allorigins.win', port=443): Max retries exceeded with url: /get?url=https%3A//www.thehindu.com/news/international/feeder/default.rss (Caused by NameResolutionError("<urllib3.connection.HTTPSConnection object at 0x0000022105FA3390>: Failed to resolve 'api.allorigins.win' ([Errno 11001] getaddrinfo failed)"))
2025-11-10 15:26:28,831 - ERROR - root - All attempts failed for The Hindu (India): HTTPSConnectionPool(host='api.allorigins.win', port=443): Max retries exceeded with url: /get?url=https%3A//www.thehindu.com/news/international/feeder/default.rss (Caused by NameResolutionError("<urllib3.connection.HTTPSConnection object at 0x0000022105FA3390>: Failed to resolve 'api.allorigins.win' ([Errno 11001] getaddrinfo failed)"))
2025-11-10 15:26:28,833 - WARNING - root - ⚠️ No articles found from The Hindu (India)
2025-11-13 03:43:15,188 - ERROR - root - Failed to setup WebDriver: Message: Unable to obtain driver for chrome; For documentation on this error, please visit: https://www.selenium.dev/documentation/webdriver/troubleshooting/errors/driver_location

2025-11-13 03:43:19,513 - INFO - root - Auto-scan triggered
2025-11-13 03:43:19,514 - INFO - root - Auto-scan started
2025-11-13 03:43:19,516 - INFO - root - Tweet monitoring started
2025-11-13 03:43:19,517 - INFO - root - Starting enhanced news scan...
2025-11-13 03:43:19,525 - INFO - root - Starting enhanced scraping of 14 feeds...
2025-11-13 03:43:19,539 - INFO - root - Scraping BBC News (attempt 1)...
2025-11-13 03:43:45,388 - WARNING - root - Attempt 1 failed for BBC News: 500 Server Error: Internal Server Error for url: https://api.allorigins.win/get?url=http%3A//feeds.bbci.co.uk/news/rss.xml
2025-11-13 03:43:47,390 - INFO - root - Scraping BBC News (attempt 2)...
2025-11-13 03:44:09,337 - WARNING - root - Attempt 2 failed for BBC News: HTTPSConnectionPool(host='api.allorigins.win', port=443): Read timed out. (read timeout=15)
2025-11-13 03:44:09,338 - ERROR - root - All attempts failed for BBC News: HTTPSConnectionPool(host='api.allorigins.win', port=443): Read timed out. (read timeout=15)
2025-11-13 03:44:09,339 - WARNING - root - ⚠️ No articles found from BBC News
2025-11-13 03:44:10,343 - INFO - root - Scraping Reuters World News (attempt 1)...
2025-11-13 03:44:25,902 - INFO - root - Found 0 articles from Reuters World News
2025-11-13 03:44:25,904 - WARNING - root - ⚠️ No articles found from Reuters World News
2025-11-13 03:44:26,906 - INFO - root - Scraping Al Jazeera English (attempt 1)...
2025-11-13 03:44:29,038 - INFO - root - Found 0 articles from Al Jazeera English
2025-11-13 03:44:29,040 - WARNING - root - ⚠️ No articles found from Al Jazeera English
2025-11-13 03:44:30,041 - INFO - root - Scraping The Guardian World (attempt 1)...
2025-11-13 03:44:37,587 - INFO - root - Found 15 articles from The Guardian World
2025-11-13 03:44:37,588 - INFO - root - ✅ Successfully got 15 articles from The Guardian World
2025-11-13 03:44:39,590 - INFO - root - Scraping The Hindu (India) (attempt 1)...
2025-11-13 03:44:47,223 - INFO - root - Found 0 articles from The Hindu (India)
2025-11-13 03:44:47,226 - WARNING - root - ⚠️ No articles found from The Hindu (India)
2025-11-13 03:44:48,227 - INFO - root - Scraping CNN World (attempt 1)...
2025-11-13 03:45:05,899 - INFO - root - Found 0 articles from CNN World
2025-11-13 03:45:05,901 - WARNING - root - ⚠️ No articles found from CNN World
2025-11-13 03:45:06,902 - INFO - root - Scraping NBC News World (attempt 1)...
2025-11-13 03:45:28,642 - WARNING - root - Attempt 1 failed for NBC News World: HTTPSConnectionPool(host='api.allorigins.win', port=443): Read timed out. (read timeout=15)
2025-11-13 03:45:30,651 - INFO - root - Scraping NBC News World (attempt 2)...
2025-11-13 03:45:54,740 - WARNING - root - Attempt 2 failed for NBC News World: HTTPSConnectionPool(host='api.allorigins.win', port=443): Read timed out. (read timeout=15)
2025-11-13 03:45:54,813 - ERROR - root - All attempts failed for NBC News World: HTTPSConnectionPool(host='api.allorigins.win', port=443): Read timed out. (read timeout=15)
2025-11-13 03:45:54,821 - WARNING - root - ⚠️ No articles found from NBC News World
2025-11-13 03:45:55,839 - INFO - root - Scraping DW News (Germany) (attempt 1)...
2025-11-13 03:46:22,549 - WARNING - root - Attempt 1 failed for DW News (Germany): HTTPSConnectionPool(host='api.allorigins.win', port=443): Read timed out. (read timeout=15)
2025-11-13 03:46:24,550 - INFO - root - Scraping DW News (Germany) (attempt 2)...
2025-11-13 03:46:48,005 - WARNING - root - Attempt 2 failed for DW News (Germany): HTTPSConnectionPool(host='api.allorigins.win', port=443): Read timed out. (read timeout=15)
2025-11-13 03:46:48,006 - ERROR - root - All attempts failed for DW News (Germany): HTTPSConnectionPool(host='api.allorigins.win', port=443): Read timed out. (read timeout=15)
2025-11-13 03:46:48,007 - WARNING - root - ⚠️ No articles found from DW News (Germany)
2025-11-13 03:46:49,008 - INFO - root - Scraping Press TV (Iran) (attempt 1)...
2025-11-13 03:47:12,288 - WARNING - root - Attempt 1 failed for Press TV (Iran): HTTPSConnectionPool(host='api.allorigins.win', port=443): Read timed out. (read timeout=15)
2025-11-13 03:47:14,290 - INFO - root - Scraping Press TV (Iran) (attempt 2)...
2025-11-13 03:47:20,588 - INFO - root - Found 15 articles from Press TV (Iran)
2025-11-13 03:47:20,590 - INFO - root - ✅ Successfully got 15 articles from Press TV (Iran)
2025-11-13 03:47:22,592 - INFO - root - Scraping Tehran Times (attempt 1)...
2025-11-13 03:47:26,926 - INFO - root - Found 0 articles from Tehran Times
2025-11-13 03:47:26,927 - WARNING - root - ⚠️ No articles found from Tehran Times
2025-11-13 03:47:27,938 - INFO - root - Scraping Arab News (Saudi Arabia) (attempt 1)...
2025-11-13 03:47:28,851 - INFO - root - Found 0 articles from Arab News (Saudi Arabia)
2025-11-13 03:47:28,852 - WARNING - root - ⚠️ No articles found from Arab News (Saudi Arabia)
2025-11-13 03:47:29,854 - INFO - root - Scraping Jerusalem Post (attempt 1)...
2025-11-13 03:47:36,968 - INFO - root - Found 0 articles from Jerusalem Post
2025-11-13 03:47:36,970 - WARNING - root - ⚠️ No articles found from Jerusalem Post
2025-11-13 03:47:37,972 - INFO - root - Scraping Daily Sabah (Turkey) (attempt 1)...
2025-11-13 03:47:45,001 - INFO - root - Found 0 articles from Daily Sabah (Turkey)
2025-11-13 03:47:45,002 - WARNING - root - ⚠️ No articles found from Daily Sabah (Turkey)
2025-11-13 03:47:46,004 - INFO - root - Scraping China Daily (attempt 1)...
2025-11-13 03:48:09,606 - WARNING - root - Attempt 1 failed for China Daily: HTTPSConnectionPool(host='api.allorigins.win', port=443): Read timed out.
2025-11-13 03:48:11,607 - INFO - root - Scraping China Daily (attempt 2)...
2025-11-13 03:48:42,909 - WARNING - root - Attempt 2 failed for China Daily: HTTPSConnectionPool(host='api.allorigins.win', port=443): Max retries exceeded with url: /get?url=https%3A//www.chinadaily.com.cn/rss/world_rss.xml (Caused by NameResolutionError("<urllib3.connection.HTTPSConnection object at 0x000001CA4255CA50>: Failed to resolve 'api.allorigins.win' ([Errno 11001] getaddrinfo failed)"))
2025-11-13 03:48:42,911 - ERROR - root - All attempts failed for China Daily: HTTPSConnectionPool(host='api.allorigins.win', port=443): Max retries exceeded with url: /get?url=https%3A//www.chinadaily.com.cn/rss/world_rss.xml (Caused by NameResolutionError("<urllib3.connection.HTTPSConnection object at 0x000001CA4255CA50>: Failed to resolve 'api.allorigins.win' ([Errno 11001] getaddrinfo failed)"))
2025-11-13 03:48:42,913 - WARNING - root - ⚠️ No articles found from China Daily
2025-11-13 03:48:43,915 - INFO - root - Scraping completed: 2 successful, 12 failed
2025-11-13 03:48:43,916 - INFO - root - Total unique articles: 30
2025-11-13 03:48:44,350 - INFO - root - Scan completed. Found 30 articles, 4 approved.
2025-11-13 03:53:44,358 - INFO - root - Auto-scan triggered
2025-11-13 03:53:44,360 - INFO - root - Starting enhanced news scan...
2025-11-13 03:53:44,364 - INFO - root - Starting enhanced scraping of 14 feeds...
2025-11-13 03:53:44,365 - INFO - root - Scraping BBC News (attempt 1)...
2025-11-13 03:54:05,514 - INFO - root - Found 0 articles from BBC News
2025-11-13 03:54:05,515 - WARNING - root - ⚠️ No articles found from BBC News
2025-11-13 03:54:06,517 - INFO - root - Scraping Reuters World News (attempt 1)...
2025-11-13 03:54:14,320 - INFO - root - Found 0 articles from Reuters World News
2025-11-13 03:54:14,321 - WARNING - root - ⚠️ No articles found from Reuters World News
2025-11-13 03:54:15,330 - INFO - root - Scraping Al Jazeera English (attempt 1)...
2025-11-13 03:54:17,373 - INFO - root - Found 0 articles from Al Jazeera English
2025-11-13 03:54:17,374 - WARNING - root - ⚠️ No articles found from Al Jazeera English
2025-11-13 03:54:18,375 - INFO - root - Scraping The Guardian World (attempt 1)...
2025-11-13 03:54:24,812 - INFO - root - Found 15 articles from The Guardian World
2025-11-13 03:54:24,813 - INFO - root - ✅ Successfully got 15 articles from The Guardian World
2025-11-13 03:54:26,815 - INFO - root - Scraping The Hindu (India) (attempt 1)...
2025-11-13 03:54:34,854 - INFO - root - Found 0 articles from The Hindu (India)
2025-11-13 03:54:34,855 - WARNING - root - ⚠️ No articles found from The Hindu (India)
2025-11-13 03:54:35,858 - INFO - root - Scraping CNN World (attempt 1)...
2025-11-13 03:54:44,205 - INFO - root - Found 0 articles from CNN World
2025-11-13 03:54:44,206 - WARNING - root - ⚠️ No articles found from CNN World
2025-11-13 03:54:45,208 - INFO - root - Scraping NBC News World (attempt 1)...
2025-11-13 03:54:50,177 - INFO - root - Found 15 articles from NBC News World
2025-11-13 03:54:50,178 - INFO - root - ✅ Successfully got 15 articles from NBC News World
2025-11-13 03:54:52,180 - INFO - root - Scraping DW News (Germany) (attempt 1)...
2025-11-13 03:54:59,757 - INFO - root - Found 0 articles from DW News (Germany)
2025-11-13 03:54:59,758 - WARNING - root - ⚠️ No articles found from DW News (Germany)
2025-11-13 03:55:00,759 - INFO - root - Scraping Press TV (Iran) (attempt 1)...
2025-11-13 03:55:14,363 - INFO - root - Found 15 articles from Press TV (Iran)
2025-11-13 03:55:14,364 - INFO - root - ✅ Successfully got 15 articles from Press TV (Iran)
2025-11-13 03:55:16,365 - INFO - root - Scraping Tehran Times (attempt 1)...
2025-11-13 03:55:19,214 - INFO - root - Found 0 articles from Tehran Times
2025-11-13 03:55:19,215 - WARNING - root - ⚠️ No articles found from Tehran Times
2025-11-13 03:55:20,216 - INFO - root - Scraping Arab News (Saudi Arabia) (attempt 1)...
2025-11-13 03:55:21,135 - INFO - root - Found 0 articles from Arab News (Saudi Arabia)
2025-11-13 03:55:21,137 - WARNING - root - ⚠️ No articles found from Arab News (Saudi Arabia)
2025-11-13 03:55:22,138 - INFO - root - Scraping Jerusalem Post (attempt 1)...
2025-11-13 03:55:29,410 - INFO - root - Found 0 articles from Jerusalem Post
2025-11-13 03:55:29,411 - WARNING - root - ⚠️ No articles found from Jerusalem Post
2025-11-13 03:55:30,412 - INFO - root - Scraping Daily Sabah (Turkey) (attempt 1)...
2025-11-13 03:55:31,352 - WARNING - root - Attempt 1 failed for Daily Sabah (Turkey): 500 Server Error: Internal Server Error for url: https://api.allorigins.win/get?url=https%3A//www.dailysabah.com/rss
2025-11-13 03:55:33,353 - INFO - root - Scraping Daily Sabah (Turkey) (attempt 2)...
2025-11-13 03:55:55,250 - WARNING - root - Attempt 2 failed for Daily Sabah (Turkey): HTTPSConnectionPool(host='api.allorigins.win', port=443): Read timed out. (read timeout=15)
2025-11-13 03:55:55,251 - ERROR - root - All attempts failed for Daily Sabah (Turkey): HTTPSConnectionPool(host='api.allorigins.win', port=443): Read timed out. (read timeout=15)
2025-11-13 03:55:55,252 - WARNING - root - ⚠️ No articles found from Daily Sabah (Turkey)
2025-11-13 03:55:56,254 - INFO - root - Scraping China Daily (attempt 1)...
2025-11-13 03:56:24,342 - WARNING - root - Attempt 1 failed for China Daily: HTTPSConnectionPool(host='api.allorigins.win', port=443): Read timed out.
2025-11-13 03:56:26,344 - INFO - root - Scraping China Daily (attempt 2)...
2025-11-13 03:56:50,547 - WARNING - root - Attempt 2 failed for China Daily: HTTPSConnectionPool(host='api.allorigins.win', port=443): Read timed out. (read timeout=15)
2025-11-13 03:56:50,548 - ERROR - root - All attempts failed for China Daily: HTTPSConnectionPool(host='api.allorigins.win', port=443): Read timed out. (read timeout=15)
2025-11-13 03:56:50,549 - WARNING - root - ⚠️ No articles found from China Daily
2025-11-13 03:56:51,551 - INFO - root - Scraping completed: 3 successful, 11 failed
2025-11-13 03:56:51,552 - INFO - root - Total unique articles: 45
2025-11-13 03:56:52,266 - INFO - root - Scan completed. Found 45 articles, 8 approved.
2025-11-16 02:29:29,760 - INFO - root - Auto-scan triggered
2025-11-16 02:29:29,761 - INFO - root - Auto-scan started
2025-11-16 02:29:29,765 - INFO - root - Starting enhanced news scan...
2025-11-16 02:29:29,766 - INFO - root - Tweet monitoring triggered
2025-11-16 02:29:29,766 - INFO - root - Tweet monitoring started
2025-11-16 02:29:29,769 - INFO - root - Starting enhanced scraping of 14 feeds...
2025-11-16 02:29:29,771 - INFO - root - Scraping BBC News (attempt 1)...
2025-11-16 02:29:34,684 - INFO - root - Found 0 articles from BBC News
2025-11-16 02:29:34,686 - WARNING - root - ⚠️ No articles found from BBC News
2025-11-16 02:29:35,688 - INFO - root - Scraping Reuters World News (attempt 1)...
2025-11-16 02:29:42,213 - WARNING - root - Attempt 1 failed for Reuters World News: Response ended prematurely
2025-11-16 02:29:44,216 - INFO - root - Scraping Reuters World News (attempt 2)...
2025-11-16 02:29:51,981 - WARNING - root - Attempt 2 failed for Reuters World News: Response ended prematurely
2025-11-16 02:29:51,982 - ERROR - root - All attempts failed for Reuters World News: Response ended prematurely
2025-11-16 02:29:51,984 - WARNING - root - ⚠️ No articles found from Reuters World News
2025-11-16 02:29:52,987 - INFO - root - Scraping Al Jazeera English (attempt 1)...
2025-11-16 02:29:57,263 - INFO - root - Found 0 articles from Al Jazeera English
2025-11-16 02:29:57,265 - WARNING - root - ⚠️ No articles found from Al Jazeera English
2025-11-16 02:29:58,267 - INFO - root - Scraping The Guardian World (attempt 1)...
2025-11-16 02:30:04,911 - WARNING - root - Attempt 1 failed for The Guardian World: Response ended prematurely
2025-11-16 02:30:06,914 - INFO - root - Scraping The Guardian World (attempt 2)...
2025-11-16 02:30:14,922 - WARNING - root - Attempt 2 failed for The Guardian World: Response ended prematurely
2025-11-16 02:30:14,923 - ERROR - root - All attempts failed for The Guardian World: Response ended prematurely
2025-11-16 02:30:14,925 - WARNING - root - ⚠️ No articles found from The Guardian World
2025-11-16 02:30:15,927 - INFO - root - Scraping The Hindu (India) (attempt 1)...
2025-11-16 02:30:25,996 - INFO - root - Found 0 articles from The Hindu (India)
2025-11-16 02:30:25,997 - WARNING - root - ⚠️ No articles found from The Hindu (India)
2025-11-16 02:30:26,999 - INFO - root - Scraping CNN World (attempt 1)...
2025-11-16 02:30:38,456 - INFO - root - Found 0 articles from CNN World
2025-11-16 02:30:38,457 - WARNING - root - ⚠️ No articles found from CNN World
2025-11-16 02:30:39,460 - INFO - root - Scraping NBC News World (attempt 1)...
2025-11-16 02:30:44,781 - INFO - root - Found 15 articles from NBC News World
2025-11-16 02:30:44,783 - INFO - root - ✅ Successfully got 15 articles from NBC News World
2025-11-16 02:30:46,784 - INFO - root - Scraping DW News (Germany) (attempt 1)...
2025-11-16 02:30:54,097 - INFO - root - Found 0 articles from DW News (Germany)
2025-11-16 02:30:54,098 - WARNING - root - ⚠️ No articles found from DW News (Germany)
2025-11-16 02:30:55,101 - INFO - root - Scraping Press TV (Iran) (attempt 1)...
2025-11-16 02:30:59,831 - INFO - root - Found 15 articles from Press TV (Iran)
2025-11-16 02:30:59,832 - INFO - root - ✅ Successfully got 15 articles from Press TV (Iran)
2025-11-16 02:31:01,834 - INFO - root - Scraping Tehran Times (attempt 1)...
2025-11-16 02:31:07,284 - INFO - root - Found 0 articles from Tehran Times
2025-11-16 02:31:07,286 - WARNING - root - ⚠️ No articles found from Tehran Times
2025-11-16 02:31:08,289 - INFO - root - Scraping Arab News (Saudi Arabia) (attempt 1)...
2025-11-16 02:31:09,364 - INFO - root - Found 0 articles from Arab News (Saudi Arabia)
2025-11-16 02:31:09,366 - WARNING - root - ⚠️ No articles found from Arab News (Saudi Arabia)
2025-11-16 02:31:10,368 - INFO - root - Scraping Jerusalem Post (attempt 1)...
2025-11-16 02:31:18,279 - INFO - root - Found 0 articles from Jerusalem Post
2025-11-16 02:31:18,281 - WARNING - root - ⚠️ No articles found from Jerusalem Post
2025-11-16 02:31:19,282 - INFO - root - Scraping Daily Sabah (Turkey) (attempt 1)...
2025-11-16 02:31:27,318 - INFO - root - Found 0 articles from Daily Sabah (Turkey)
2025-11-16 02:31:27,321 - WARNING - root - ⚠️ No articles found from Daily Sabah (Turkey)
2025-11-16 02:31:28,323 - INFO - root - Scraping China Daily (attempt 1)...
2025-11-16 02:31:53,150 - WARNING - root - Attempt 1 failed for China Daily: HTTPSConnectionPool(host='api.allorigins.win', port=443): Read timed out.
2025-11-16 02:31:55,152 - INFO - root - Scraping China Daily (attempt 2)...
2025-11-16 02:32:03,524 - WARNING - root - Attempt 2 failed for China Daily: Response ended prematurely
2025-11-16 02:32:03,526 - ERROR - root - All attempts failed for China Daily: Response ended prematurely
2025-11-16 02:32:03,528 - WARNING - root - ⚠️ No articles found from China Daily
2025-11-16 02:32:04,534 - INFO - root - Scraping completed: 2 successful, 12 failed
2025-11-16 02:32:04,536 - INFO - root - Total unique articles: 30
2025-11-16 02:32:06,034 - INFO - root - Scan completed. Found 30 articles, 6 approved.
2025-11-16 02:34:29,771 - INFO - root - Tweet monitoring triggered
2025-11-16 02:37:06,039 - INFO - root - Auto-scan triggered
2025-11-16 02:37:06,042 - INFO - root - Starting enhanced news scan...
2025-11-16 02:37:06,045 - INFO - root - Starting enhanced scraping of 14 feeds...
2025-11-16 02:37:06,048 - INFO - root - Scraping BBC News (attempt 1)...
2025-11-16 02:37:14,580 - INFO - root - Found 0 articles from BBC News
2025-11-16 02:37:14,581 - WARNING - root - ⚠️ No articles found from BBC News
2025-11-16 02:37:15,582 - INFO - root - Scraping Reuters World News (attempt 1)...
2025-11-16 02:37:22,454 - WARNING - root - Attempt 1 failed for Reuters World News: Response ended prematurely
2025-11-16 02:37:24,456 - INFO - root - Scraping Reuters World News (attempt 2)...
2025-11-16 02:37:33,681 - INFO - root - Found 0 articles from Reuters World News
2025-11-16 02:37:33,682 - WARNING - root - ⚠️ No articles found from Reuters World News
2025-11-16 02:37:34,684 - INFO - root - Scraping Al Jazeera English (attempt 1)...
2025-11-16 02:37:37,562 - INFO - root - Found 0 articles from Al Jazeera English
2025-11-16 02:37:37,563 - WARNING - root - ⚠️ No articles found from Al Jazeera English
2025-11-16 02:37:38,565 - INFO - root - Scraping The Guardian World (attempt 1)...
2025-11-16 02:37:45,371 - WARNING - root - Attempt 1 failed for The Guardian World: Response ended prematurely
2025-11-16 02:37:47,373 - INFO - root - Scraping The Guardian World (attempt 2)...
2025-11-16 02:37:55,486 - WARNING - root - Attempt 2 failed for The Guardian World: Response ended prematurely
2025-11-16 02:37:55,487 - ERROR - root - All attempts failed for The Guardian World: Response ended prematurely
2025-11-16 02:37:55,488 - WARNING - root - ⚠️ No articles found from The Guardian World
2025-11-16 02:37:56,490 - INFO - root - Scraping The Hindu (India) (attempt 1)...
2025-11-16 02:38:05,614 - INFO - root - Found 0 articles from The Hindu (India)
2025-11-16 02:38:05,616 - WARNING - root - ⚠️ No articles found from The Hindu (India)
2025-11-16 02:38:06,617 - INFO - root - Scraping CNN World (attempt 1)...
2025-11-16 02:38:13,976 - INFO - root - Found 0 articles from CNN World
2025-11-16 02:38:13,978 - WARNING - root - ⚠️ No articles found from CNN World
2025-11-16 02:38:14,979 - INFO - root - Scraping NBC News World (attempt 1)...
2025-11-16 02:38:20,875 - INFO - root - Found 15 articles from NBC News World
2025-11-16 02:38:20,876 - INFO - root - ✅ Successfully got 15 articles from NBC News World
2025-11-16 02:38:22,877 - INFO - root - Scraping DW News (Germany) (attempt 1)...
2025-11-16 02:38:30,593 - INFO - root - Found 0 articles from DW News (Germany)
2025-11-16 02:38:30,594 - WARNING - root - ⚠️ No articles found from DW News (Germany)
2025-11-16 02:38:31,597 - INFO - root - Scraping Press TV (Iran) (attempt 1)...
2025-11-16 02:38:37,498 - INFO - root - Found 15 articles from Press TV (Iran)
2025-11-16 02:38:37,498 - INFO - root - ✅ Successfully got 15 articles from Press TV (Iran)
2025-11-16 02:38:39,500 - INFO - root - Scraping Tehran Times (attempt 1)...
2025-11-16 02:38:45,155 - INFO - root - Found 0 articles from Tehran Times
2025-11-16 02:38:45,156 - WARNING - root - ⚠️ No articles found from Tehran Times
2025-11-16 02:38:46,157 - INFO - root - Scraping Arab News (Saudi Arabia) (attempt 1)...
2025-11-16 02:38:47,534 - INFO - root - Found 0 articles from Arab News (Saudi Arabia)
2025-11-16 02:38:47,535 - WARNING - root - ⚠️ No articles found from Arab News (Saudi Arabia)
2025-11-16 02:38:48,537 - INFO - root - Scraping Jerusalem Post (attempt 1)...
2025-11-16 02:38:56,080 - INFO - root - Found 0 articles from Jerusalem Post
2025-11-16 02:38:56,081 - WARNING - root - ⚠️ No articles found from Jerusalem Post
2025-11-16 02:38:57,082 - INFO - root - Scraping Daily Sabah (Turkey) (attempt 1)...
2025-11-16 02:39:05,271 - INFO - root - Found 0 articles from Daily Sabah (Turkey)
2025-11-16 02:39:05,272 - WARNING - root - ⚠️ No articles found from Daily Sabah (Turkey)
2025-11-16 02:39:06,274 - INFO - root - Scraping China Daily (attempt 1)...
2025-11-16 02:39:19,093 - WARNING - root - Attempt 1 failed for China Daily: Response ended prematurely
2025-11-16 02:39:21,095 - INFO - root - Scraping China Daily (attempt 2)...
2025-11-16 02:39:29,120 - WARNING - root - Attempt 2 failed for China Daily: Response ended prematurely
2025-11-16 02:39:29,128 - ERROR - root - All attempts failed for China Daily: Response ended prematurely
2025-11-16 02:39:29,129 - WARNING - root - ⚠️ No articles found from China Daily
2025-11-16 02:39:29,775 - INFO - root - Tweet monitoring triggered
2025-11-16 02:39:30,141 - INFO - root - Scraping completed: 2 successful, 12 failed
2025-11-16 02:39:30,142 - INFO - root - Total unique articles: 30
2025-11-16 02:39:30,940 - INFO - root - Scan completed. Found 30 articles, 6 approved.
2025-11-16 02:44:29,779 - INFO - root - Tweet monitoring triggered
2025-11-16 02:44:30,944 - INFO - root - Auto-scan triggered
2025-11-16 02:44:30,948 - INFO - root - Starting enhanced news scan...
2025-11-16 02:44:30,951 - INFO - root - Starting enhanced scraping of 14 feeds...
2025-11-16 02:44:30,952 - INFO - root - Scraping BBC News (attempt 1)...
2025-11-16 02:44:35,368 - INFO - root - Found 0 articles from BBC News
2025-11-16 02:44:35,369 - WARNING - root - ⚠️ No articles found from BBC News
2025-11-16 02:44:36,370 - INFO - root - Scraping Reuters World News (attempt 1)...
2025-11-16 02:44:42,925 - WARNING - root - Attempt 1 failed for Reuters World News: Response ended prematurely
2025-11-16 02:44:44,927 - INFO - root - Scraping Reuters World News (attempt 2)...
2025-11-16 02:44:53,203 - WARNING - root - Attempt 2 failed for Reuters World News: Response ended prematurely
2025-11-16 02:44:53,204 - ERROR - root - All attempts failed for Reuters World News: Response ended prematurely
2025-11-16 02:44:53,205 - WARNING - root - ⚠️ No articles found from Reuters World News
2025-11-16 02:44:54,207 - INFO - root - Scraping Al Jazeera English (attempt 1)...
2025-11-16 02:44:58,294 - INFO - root - Found 0 articles from Al Jazeera English
2025-11-16 02:44:58,309 - WARNING - root - ⚠️ No articles found from Al Jazeera English
2025-11-16 02:44:59,311 - INFO - root - Scraping The Guardian World (attempt 1)...
2025-11-16 02:45:05,669 - WARNING - root - Attempt 1 failed for The Guardian World: Response ended prematurely
2025-11-16 02:45:07,670 - INFO - root - Scraping The Guardian World (attempt 2)...
2025-11-16 02:45:17,103 - WARNING - root - Attempt 2 failed for The Guardian World: Response ended prematurely
2025-11-16 02:45:17,104 - ERROR - root - All attempts failed for The Guardian World: Response ended prematurely
2025-11-16 02:45:17,105 - WARNING - root - ⚠️ No articles found from The Guardian World
2025-11-16 02:45:18,106 - INFO - root - Scraping The Hindu (India) (attempt 1)...
2025-11-16 02:45:27,672 - INFO - root - Found 0 articles from The Hindu (India)
2025-11-16 02:45:27,673 - WARNING - root - ⚠️ No articles found from The Hindu (India)
2025-11-16 02:45:28,675 - INFO - root - Scraping CNN World (attempt 1)...
2025-11-16 02:45:29,467 - WARNING - root - Attempt 1 failed for CNN World: 500 Server Error: Internal Server Error for url: https://api.allorigins.win/get?url=http%3A//rss.cnn.com/rss/edition.rss
2025-11-16 02:45:31,469 - INFO - root - Scraping CNN World (attempt 2)...
2025-11-16 02:45:38,221 - WARNING - root - Attempt 2 failed for CNN World: Response ended prematurely
2025-11-16 02:45:38,222 - ERROR - root - All attempts failed for CNN World: Response ended prematurely
2025-11-16 02:45:38,227 - WARNING - root - ⚠️ No articles found from CNN World
2025-11-16 02:45:39,229 - INFO - root - Scraping NBC News World (attempt 1)...
2025-11-16 02:45:46,444 - INFO - root - Found 15 articles from NBC News World
2025-11-16 02:45:46,445 - INFO - root - ✅ Successfully got 15 articles from NBC News World
2025-11-16 02:45:48,446 - INFO - root - Scraping DW News (Germany) (attempt 1)...
2025-11-16 02:45:55,277 - WARNING - root - Attempt 1 failed for DW News (Germany): Response ended prematurely
2025-11-16 02:45:57,278 - INFO - root - Scraping DW News (Germany) (attempt 2)...
2025-11-16 02:46:07,585 - WARNING - root - Attempt 2 failed for DW News (Germany): Response ended prematurely
2025-11-16 02:46:07,586 - ERROR - root - All attempts failed for DW News (Germany): Response ended prematurely
2025-11-16 02:46:07,587 - WARNING - root - ⚠️ No articles found from DW News (Germany)
2025-11-16 02:46:08,588 - INFO - root - Scraping Press TV (Iran) (attempt 1)...
2025-11-16 02:46:16,910 - INFO - root - Found 15 articles from Press TV (Iran)
2025-11-16 02:46:16,912 - INFO - root - ✅ Successfully got 15 articles from Press TV (Iran)
2025-11-16 02:46:18,914 - INFO - root - Scraping Tehran Times (attempt 1)...
2025-11-16 02:46:23,817 - INFO - root - Found 0 articles from Tehran Times
2025-11-16 02:46:23,818 - WARNING - root - ⚠️ No articles found from Tehran Times
2025-11-16 02:46:24,820 - INFO - root - Scraping Arab News (Saudi Arabia) (attempt 1)...
2025-11-16 02:46:27,971 - WARNING - root - Attempt 1 failed for Arab News (Saudi Arabia): 500 Server Error: Internal Server Error for url: https://api.allorigins.win/get?url=https%3A//www.arabnews.com/rss.xml
2025-11-16 02:46:29,974 - INFO - root - Scraping Arab News (Saudi Arabia) (attempt 2)...
2025-11-16 02:46:31,269 - INFO - root - Found 0 articles from Arab News (Saudi Arabia)
2025-11-16 02:46:31,270 - WARNING - root - ⚠️ No articles found from Arab News (Saudi Arabia)
2025-11-16 02:46:32,271 - INFO - root - Scraping Jerusalem Post (attempt 1)...
2025-11-16 02:46:38,315 - WARNING - root - Attempt 1 failed for Jerusalem Post: Response ended prematurely
2025-11-16 02:46:40,317 - INFO - root - Scraping Jerusalem Post (attempt 2)...
2025-11-16 02:46:49,477 - WARNING - root - Attempt 2 failed for Jerusalem Post: Response ended prematurely
2025-11-16 02:46:49,478 - ERROR - root - All attempts failed for Jerusalem Post: Response ended prematurely
2025-11-16 02:46:49,480 - WARNING - root - ⚠️ No articles found from Jerusalem Post
2025-11-16 02:46:50,482 - INFO - root - Scraping Daily Sabah (Turkey) (attempt 1)...
2025-11-16 02:46:59,755 - INFO - root - Found 0 articles from Daily Sabah (Turkey)
2025-11-16 02:46:59,757 - WARNING - root - ⚠️ No articles found from Daily Sabah (Turkey)
2025-11-16 02:47:00,759 - INFO - root - Scraping China Daily (attempt 1)...
2025-11-16 02:47:07,753 - WARNING - root - Attempt 1 failed for China Daily: Response ended prematurely
2025-11-16 02:47:09,756 - INFO - root - Scraping China Daily (attempt 2)...
2025-11-16 02:47:26,922 - WARNING - root - Attempt 2 failed for China Daily: Response ended prematurely
2025-11-16 02:47:26,923 - ERROR - root - All attempts failed for China Daily: Response ended prematurely
2025-11-16 02:47:26,924 - WARNING - root - ⚠️ No articles found from China Daily
2025-11-16 02:47:27,925 - INFO - root - Scraping completed: 2 successful, 12 failed
2025-11-16 02:47:27,926 - INFO - root - Total unique articles: 30
2025-11-16 02:47:30,380 - INFO - root - Scan completed. Found 30 articles, 6 approved.
2025-11-16 02:49:29,784 - INFO - root - Tweet monitoring triggered
2025-11-16 02:52:12,118 - ERROR - root - Application error: 'ModernTkinterDashboard' object has no attribute 'save_account_settings'
2025-11-16 02:52:33,519 - ERROR - root - Application error: 'ModernTkinterDashboard' object has no attribute 'save_account_settings'
2025-11-16 02:53:50,175 - INFO - root - Auto-scan triggered
2025-11-16 02:53:50,176 - INFO - root - Auto-scan started
2025-11-16 02:53:50,184 - INFO - root - Tweet monitoring triggered
2025-11-16 02:53:50,184 - INFO - root - Tweet monitoring started
2025-11-16 02:53:50,185 - INFO - root - Starting enhanced news scan...
2025-11-16 02:53:50,191 - INFO - root - Starting enhanced scraping of 14 feeds...
2025-11-16 02:53:50,202 - INFO - root - Scraping BBC News (attempt 1)...
2025-11-16 02:53:55,855 - INFO - root - Found 0 articles from BBC News
2025-11-16 02:53:55,857 - WARNING - root - ⚠️ No articles found from BBC News
2025-11-16 02:53:56,859 - INFO - root - Scraping Reuters World News (attempt 1)...
2025-11-16 02:54:03,116 - WARNING - root - Attempt 1 failed for Reuters World News: Response ended prematurely
2025-11-16 02:54:05,117 - INFO - root - Scraping Reuters World News (attempt 2)...
2025-11-16 02:54:13,431 - WARNING - root - Attempt 2 failed for Reuters World News: Response ended prematurely
2025-11-16 02:54:13,432 - ERROR - root - All attempts failed for Reuters World News: Response ended prematurely
2025-11-16 02:54:13,433 - WARNING - root - ⚠️ No articles found from Reuters World News
2025-11-16 02:54:14,435 - INFO - root - Scraping Al Jazeera English (attempt 1)...
2025-11-16 02:54:18,142 - INFO - root - Found 0 articles from Al Jazeera English
2025-11-16 02:54:18,143 - WARNING - root - ⚠️ No articles found from Al Jazeera English
2025-11-16 02:54:19,145 - INFO - root - Scraping The Guardian World (attempt 1)...
2025-11-16 02:54:30,140 - WARNING - root - Attempt 1 failed for The Guardian World: Response ended prematurely
2025-11-16 02:54:32,141 - INFO - root - Scraping The Guardian World (attempt 2)...
2025-11-16 02:54:40,883 - WARNING - root - Attempt 2 failed for The Guardian World: Response ended prematurely
2025-11-16 02:54:40,885 - ERROR - root - All attempts failed for The Guardian World: Response ended prematurely
2025-11-16 02:54:40,886 - WARNING - root - ⚠️ No articles found from The Guardian World
2025-11-16 02:54:41,887 - INFO - root - Scraping The Hindu (India) (attempt 1)...
2025-11-16 02:54:51,720 - INFO - root - Found 0 articles from The Hindu (India)
2025-11-16 02:54:51,722 - WARNING - root - ⚠️ No articles found from The Hindu (India)
2025-11-16 02:54:52,723 - INFO - root - Scraping CNN World (attempt 1)...
2025-11-16 02:54:53,754 - WARNING - root - Attempt 1 failed for CNN World: 500 Server Error: Internal Server Error for url: https://api.allorigins.win/get?url=http%3A//rss.cnn.com/rss/edition.rss
2025-11-16 02:54:55,756 - INFO - root - Scraping CNN World (attempt 2)...
2025-11-16 02:55:03,147 - WARNING - root - Attempt 2 failed for CNN World: Response ended prematurely
2025-11-16 02:55:03,175 - ERROR - root - All attempts failed for CNN World: Response ended prematurely
2025-11-16 02:55:03,195 - WARNING - root - ⚠️ No articles found from CNN World
2025-11-16 02:55:04,228 - INFO - root - Scraping NBC News World (attempt 1)...
2025-11-16 02:55:11,717 - INFO - root - Found 15 articles from NBC News World
2025-11-16 02:55:11,718 - INFO - root - ✅ Successfully got 15 articles from NBC News World
2025-11-16 02:55:13,720 - INFO - root - Scraping DW News (Germany) (attempt 1)...
2025-11-16 02:55:20,738 - WARNING - root - Attempt 1 failed for DW News (Germany): Response ended prematurely
2025-11-16 02:55:22,740 - INFO - root - Scraping DW News (Germany) (attempt 2)...
2025-11-16 02:55:30,719 - WARNING - root - Attempt 2 failed for DW News (Germany): Response ended prematurely
2025-11-16 02:55:30,721 - ERROR - root - All attempts failed for DW News (Germany): Response ended prematurely
2025-11-16 02:55:30,722 - WARNING - root - ⚠️ No articles found from DW News (Germany)
2025-11-16 02:55:31,724 - INFO - root - Scraping Press TV (Iran) (attempt 1)...
2025-11-16 02:55:38,038 - INFO - root - Found 15 articles from Press TV (Iran)
2025-11-16 02:55:38,039 - INFO - root - ✅ Successfully got 15 articles from Press TV (Iran)
2025-11-16 02:55:40,041 - INFO - root - Scraping Tehran Times (attempt 1)...
2025-11-16 02:55:43,922 - INFO - root - Found 0 articles from Tehran Times
2025-11-16 02:55:43,923 - WARNING - root - ⚠️ No articles found from Tehran Times
2025-11-16 02:55:44,925 - INFO - root - Scraping Arab News (Saudi Arabia) (attempt 1)...
2025-11-16 02:55:46,095 - INFO - root - Found 0 articles from Arab News (Saudi Arabia)
2025-11-16 02:55:46,097 - WARNING - root - ⚠️ No articles found from Arab News (Saudi Arabia)
2025-11-16 02:55:47,098 - INFO - root - Scraping Jerusalem Post (attempt 1)...
2025-11-16 02:55:53,704 - WARNING - root - Attempt 1 failed for Jerusalem Post: Response ended prematurely
2025-11-16 02:55:55,706 - INFO - root - Scraping Jerusalem Post (attempt 2)...
2025-11-16 02:56:03,975 - WARNING - root - Attempt 2 failed for Jerusalem Post: Response ended prematurely
2025-11-16 02:56:03,976 - ERROR - root - All attempts failed for Jerusalem Post: Response ended prematurely
2025-11-16 02:56:03,977 - WARNING - root - ⚠️ No articles found from Jerusalem Post
2025-11-16 02:56:04,978 - INFO - root - Scraping Daily Sabah (Turkey) (attempt 1)...
2025-11-16 02:56:16,361 - INFO - root - Found 0 articles from Daily Sabah (Turkey)
2025-11-16 02:56:16,362 - WARNING - root - ⚠️ No articles found from Daily Sabah (Turkey)
2025-11-16 02:56:17,364 - INFO - root - Scraping China Daily (attempt 1)...
2025-11-16 02:56:24,547 - WARNING - root - Attempt 1 failed for China Daily: Response ended prematurely
2025-11-16 02:56:26,549 - INFO - root - Scraping China Daily (attempt 2)...
2025-11-16 02:56:35,214 - WARNING - root - Attempt 2 failed for China Daily: Response ended prematurely
2025-11-16 02:56:35,215 - ERROR - root - All attempts failed for China Daily: Response ended prematurely
2025-11-16 02:56:35,216 - WARNING - root - ⚠️ No articles found from China Daily
2025-11-16 02:56:36,218 - INFO - root - Scraping completed: 2 successful, 12 failed
2025-11-16 02:56:36,219 - INFO - root - Total unique articles: 30
2025-11-16 02:56:37,615 - INFO - root - Scan completed. Found 30 articles, 6 approved.
2025-11-16 02:57:21,079 - INFO - root - Twitter client initialized - Access Level: Essential (Free) Tier
2025-11-16 02:58:02,493 - INFO - root - Twitter client initialized - Access Level: Essential (Free) Tier
2025-11-16 02:58:50,188 - INFO - root - Tweet monitoring triggered
2025-11-16 02:58:53,283 - WARNING - root - API access limited, using simulated tweets for user1
2025-11-16 02:58:55,200 - WARNING - root - API access limited, using simulated tweets for user2
2025-11-16 02:58:57,110 - WARNING - root - API access limited, using simulated tweets for user3
2025-11-16 02:58:57,344 - INFO - root - Tweet monitoring: Found 9 tweets, 9 approved.
2025-11-16 03:01:37,619 - INFO - root - Auto-scan triggered
2025-11-16 03:01:37,622 - INFO - root - Starting enhanced news scan...
2025-11-16 03:01:37,625 - INFO - root - Starting enhanced scraping of 14 feeds...
2025-11-16 03:01:37,628 - INFO - root - Scraping BBC News (attempt 1)...
2025-11-16 03:01:42,016 - INFO - root - Found 0 articles from BBC News
2025-11-16 03:01:42,017 - WARNING - root - ⚠️ No articles found from BBC News
2025-11-16 03:01:43,018 - INFO - root - Scraping Reuters World News (attempt 1)...
2025-11-16 03:01:50,498 - WARNING - root - Attempt 1 failed for Reuters World News: Response ended prematurely
2025-11-16 03:01:52,499 - INFO - root - Scraping Reuters World News (attempt 2)...
2025-11-16 03:02:00,215 - WARNING - root - Attempt 2 failed for Reuters World News: Response ended prematurely
2025-11-16 03:02:00,217 - ERROR - root - All attempts failed for Reuters World News: Response ended prematurely
2025-11-16 03:02:00,218 - WARNING - root - ⚠️ No articles found from Reuters World News
2025-11-16 03:02:01,219 - INFO - root - Scraping Al Jazeera English (attempt 1)...
2025-11-16 03:02:05,057 - INFO - root - Found 0 articles from Al Jazeera English
2025-11-16 03:02:05,059 - WARNING - root - ⚠️ No articles found from Al Jazeera English
2025-11-16 03:02:06,061 - INFO - root - Scraping The Guardian World (attempt 1)...
2025-11-16 03:02:12,156 - WARNING - root - Attempt 1 failed for The Guardian World: 408 Client Error: Request Timeout for url: https://api.allorigins.win/get?url=https%3A//www.theguardian.com/world/rss
2025-11-16 03:02:14,158 - INFO - root - Scraping The Guardian World (attempt 2)...
2025-11-16 03:02:20,494 - WARNING - root - Attempt 2 failed for The Guardian World: Response ended prematurely
2025-11-16 03:02:20,496 - ERROR - root - All attempts failed for The Guardian World: Response ended prematurely
2025-11-16 03:02:20,505 - WARNING - root - ⚠️ No articles found from The Guardian World
2025-11-16 03:02:21,508 - INFO - root - Scraping The Hindu (India) (attempt 1)...
2025-11-16 03:02:33,752 - INFO - root - Found 0 articles from The Hindu (India)
2025-11-16 03:02:33,754 - WARNING - root - ⚠️ No articles found from The Hindu (India)
2025-11-16 03:02:34,756 - INFO - root - Scraping CNN World (attempt 1)...
2025-11-16 03:02:45,905 - INFO - root - Found 0 articles from CNN World
2025-11-16 03:02:45,906 - WARNING - root - ⚠️ No articles found from CNN World
2025-11-16 03:02:46,909 - INFO - root - Scraping NBC News World (attempt 1)...
2025-11-16 03:02:52,620 - INFO - root - Found 15 articles from NBC News World
2025-11-16 03:02:52,622 - INFO - root - ✅ Successfully got 15 articles from NBC News World
2025-11-16 03:02:54,624 - INFO - root - Scraping DW News (Germany) (attempt 1)...
2025-11-16 03:03:02,215 - INFO - root - Found 0 articles from DW News (Germany)
2025-11-16 03:03:02,217 - WARNING - root - ⚠️ No articles found from DW News (Germany)
2025-11-16 03:03:03,219 - INFO - root - Scraping Press TV (Iran) (attempt 1)...
2025-11-16 03:03:07,935 - INFO - root - Found 15 articles from Press TV (Iran)
2025-11-16 03:03:07,936 - INFO - root - ✅ Successfully got 15 articles from Press TV (Iran)
2025-11-16 03:03:09,938 - INFO - root - Scraping Tehran Times (attempt 1)...
2025-11-16 03:03:14,211 - INFO - root - Found 0 articles from Tehran Times
2025-11-16 03:03:14,213 - WARNING - root - ⚠️ No articles found from Tehran Times
2025-11-16 03:03:15,214 - INFO - root - Scraping Arab News (Saudi Arabia) (attempt 1)...
2025-11-16 03:03:16,534 - INFO - root - Found 0 articles from Arab News (Saudi Arabia)
2025-11-16 03:03:16,535 - WARNING - root - ⚠️ No articles found from Arab News (Saudi Arabia)
2025-11-16 03:03:17,537 - INFO - root - Scraping Jerusalem Post (attempt 1)...
2025-11-16 03:03:18,451 - WARNING - root - Attempt 1 failed for Jerusalem Post: 500 Server Error: Internal Server Error for url: https://api.allorigins.win/get?url=https%3A//www.jpost.com/Rss/RssFeedsHeadlines
2025-11-16 03:03:20,453 - INFO - root - Scraping Jerusalem Post (attempt 2)...
2025-11-16 03:03:29,330 - WARNING - root - Attempt 2 failed for Jerusalem Post: Response ended prematurely
2025-11-16 03:03:29,331 - ERROR - root - All attempts failed for Jerusalem Post: Response ended prematurely
2025-11-16 03:03:29,336 - WARNING - root - ⚠️ No articles found from Jerusalem Post
2025-11-16 03:03:30,338 - INFO - root - Scraping Daily Sabah (Turkey) (attempt 1)...
2025-11-16 03:03:33,168 - WARNING - root - Attempt 1 failed for Daily Sabah (Turkey): 500 Server Error: Internal Server Error for url: https://api.allorigins.win/get?url=https%3A//www.dailysabah.com/rss
2025-11-16 03:03:35,170 - INFO - root - Scraping Daily Sabah (Turkey) (attempt 2)...
2025-11-16 03:03:43,389 - INFO - root - Found 0 articles from Daily Sabah (Turkey)
2025-11-16 03:03:43,390 - WARNING - root - ⚠️ No articles found from Daily Sabah (Turkey)
2025-11-16 03:03:44,392 - INFO - root - Scraping China Daily (attempt 1)...
2025-11-16 03:03:57,347 - INFO - root - Tweet monitoring triggered
2025-11-16 03:03:59,420 - WARNING - root - API access limited, using simulated tweets for user1
2025-11-16 03:03:59,452 - WARNING - root - Attempt 1 failed for China Daily: Response ended prematurely
2025-11-16 03:04:01,306 - WARNING - root - API access limited, using simulated tweets for user2
2025-11-16 03:04:01,454 - INFO - root - Scraping China Daily (attempt 2)...
2025-11-16 03:04:03,203 - WARNING - root - API access limited, using simulated tweets for user3
2025-11-16 03:04:03,491 - INFO - root - Tweet monitoring: Found 9 tweets, 9 approved.
2025-11-16 03:04:12,279 - WARNING - root - Attempt 2 failed for China Daily: 408 Client Error: Request Timeout for url: https://api.allorigins.win/get?url=https%3A//www.chinadaily.com.cn/rss/world_rss.xml
2025-11-16 03:04:12,281 - ERROR - root - All attempts failed for China Daily: 408 Client Error: Request Timeout for url: https://api.allorigins.win/get?url=https%3A//www.chinadaily.com.cn/rss/world_rss.xml
2025-11-16 03:04:12,283 - WARNING - root - ⚠️ No articles found from China Daily
2025-11-16 03:04:13,285 - INFO - root - Scraping completed: 2 successful, 12 failed
2025-11-16 03:04:13,287 - INFO - root - Total unique articles: 30
2025-11-16 03:04:14,815 - INFO - root - Scan completed. Found 30 articles, 6 approved.
2025-11-16 03:09:03,494 - INFO - root - Tweet monitoring triggered
2025-11-16 03:09:05,985 - WARNING - root - API access limited, using simulated tweets for user1
2025-11-16 03:09:08,176 - WARNING - root - API access limited, using simulated tweets for user2
2025-11-16 03:09:10,148 - WARNING - root - API access limited, using simulated tweets for user3
2025-11-16 03:09:10,438 - INFO - root - Tweet monitoring: Found 9 tweets, 9 approved.
2025-11-16 03:09:14,818 - INFO - root - Auto-scan triggered
2025-11-16 03:09:14,821 - INFO - root - Starting enhanced news scan...
2025-11-16 03:09:14,825 - INFO - root - Starting enhanced scraping of 14 feeds...
2025-11-16 03:09:14,826 - INFO - root - Scraping BBC News (attempt 1)...
2025-11-16 03:09:17,642 - INFO - root - Found 0 articles from BBC News
2025-11-16 03:09:17,643 - WARNING - root - ⚠️ No articles found from BBC News
2025-11-16 03:09:18,645 - INFO - root - Scraping Reuters World News (attempt 1)...
2025-11-16 03:09:25,275 - WARNING - root - Attempt 1 failed for Reuters World News: Response ended prematurely
2025-11-16 03:09:27,277 - INFO - root - Scraping Reuters World News (attempt 2)...
2025-11-16 03:09:35,518 - WARNING - root - Attempt 2 failed for Reuters World News: Response ended prematurely
2025-11-16 03:09:35,520 - ERROR - root - All attempts failed for Reuters World News: Response ended prematurely
2025-11-16 03:09:35,522 - WARNING - root - ⚠️ No articles found from Reuters World News
2025-11-16 03:09:36,524 - INFO - root - Scraping Al Jazeera English (attempt 1)...
2025-11-16 03:09:40,365 - INFO - root - Found 0 articles from Al Jazeera English
2025-11-16 03:09:40,367 - WARNING - root - ⚠️ No articles found from Al Jazeera English
2025-11-16 03:09:41,368 - INFO - root - Scraping The Guardian World (attempt 1)...
2025-11-16 03:09:48,218 - WARNING - root - Attempt 1 failed for The Guardian World: Response ended prematurely
2025-11-16 03:09:50,220 - INFO - root - Scraping The Guardian World (attempt 2)...
2025-11-16 03:09:58,628 - WARNING - root - Attempt 2 failed for The Guardian World: Response ended prematurely
2025-11-16 03:09:58,629 - ERROR - root - All attempts failed for The Guardian World: Response ended prematurely
2025-11-16 03:09:58,630 - WARNING - root - ⚠️ No articles found from The Guardian World
2025-11-16 03:09:59,631 - INFO - root - Scraping The Hindu (India) (attempt 1)...
2025-11-16 03:10:09,466 - INFO - root - Found 0 articles from The Hindu (India)
2025-11-16 03:10:09,467 - WARNING - root - ⚠️ No articles found from The Hindu (India)
2025-11-16 03:10:10,468 - INFO - root - Scraping CNN World (attempt 1)...
2025-11-16 03:10:21,722 - INFO - root - Found 0 articles from CNN World
2025-11-16 03:10:21,726 - WARNING - root - ⚠️ No articles found from CNN World
2025-11-16 03:10:22,729 - INFO - root - Scraping NBC News World (attempt 1)...
2025-11-16 03:10:28,585 - INFO - root - Found 15 articles from NBC News World
2025-11-16 03:10:28,586 - INFO - root - ✅ Successfully got 15 articles from NBC News World
2025-11-16 03:10:30,587 - INFO - root - Scraping DW News (Germany) (attempt 1)...
2025-11-16 03:10:39,488 - INFO - root - Found 0 articles from DW News (Germany)
2025-11-16 03:10:39,489 - WARNING - root - ⚠️ No articles found from DW News (Germany)
2025-11-16 03:10:40,490 - INFO - root - Scraping Press TV (Iran) (attempt 1)...
2025-11-16 03:10:45,463 - INFO - root - Found 15 articles from Press TV (Iran)
2025-11-16 03:10:45,464 - INFO - root - ✅ Successfully got 15 articles from Press TV (Iran)
2025-11-16 03:10:47,466 - INFO - root - Scraping Tehran Times (attempt 1)...
2025-11-16 03:10:49,297 - WARNING - root - Attempt 1 failed for Tehran Times: 500 Server Error: Internal Server Error for url: https://api.allorigins.win/get?url=https%3A//www.tehrantimes.com/rss
2025-11-16 03:10:51,299 - INFO - root - Scraping Tehran Times (attempt 2)...
2025-11-16 03:10:54,093 - WARNING - root - Attempt 2 failed for Tehran Times: 500 Server Error: Internal Server Error for url: https://api.allorigins.win/get?url=https%3A//www.tehrantimes.com/rss
2025-11-16 03:10:54,095 - ERROR - root - All attempts failed for Tehran Times: 500 Server Error: Internal Server Error for url: https://api.allorigins.win/get?url=https%3A//www.tehrantimes.com/rss
2025-11-16 03:10:54,096 - WARNING - root - ⚠️ No articles found from Tehran Times
2025-11-16 03:10:55,098 - INFO - root - Scraping Arab News (Saudi Arabia) (attempt 1)...
2025-11-16 03:10:56,956 - INFO - root - Found 0 articles from Arab News (Saudi Arabia)
2025-11-16 03:10:56,957 - WARNING - root - ⚠️ No articles found from Arab News (Saudi Arabia)
2025-11-16 03:10:57,958 - INFO - root - Scraping Jerusalem Post (attempt 1)...
2025-11-16 03:11:04,882 - WARNING - root - Attempt 1 failed for Jerusalem Post: Response ended prematurely
2025-11-16 03:11:06,883 - INFO - root - Scraping Jerusalem Post (attempt 2)...
2025-11-16 03:11:14,275 - WARNING - root - Attempt 2 failed for Jerusalem Post: Response ended prematurely
2025-11-16 03:11:14,276 - ERROR - root - All attempts failed for Jerusalem Post: Response ended prematurely
2025-11-16 03:11:14,278 - WARNING - root - ⚠️ No articles found from Jerusalem Post
2025-11-16 03:11:15,279 - INFO - root - Scraping Daily Sabah (Turkey) (attempt 1)...
2025-11-16 03:11:26,111 - INFO - root - Found 0 articles from Daily Sabah (Turkey)
2025-11-16 03:11:26,112 - WARNING - root - ⚠️ No articles found from Daily Sabah (Turkey)
2025-11-16 03:11:27,113 - INFO - root - Scraping China Daily (attempt 1)...
2025-11-16 03:11:34,110 - WARNING - root - Attempt 1 failed for China Daily: Response ended prematurely
2025-11-16 03:11:36,113 - INFO - root - Scraping China Daily (attempt 2)...
2025-11-16 03:11:44,353 - WARNING - root - Attempt 2 failed for China Daily: Response ended prematurely
2025-11-16 03:11:44,355 - ERROR - root - All attempts failed for China Daily: Response ended prematurely
2025-11-16 03:11:44,356 - WARNING - root - ⚠️ No articles found from China Daily
2025-11-16 03:11:45,357 - INFO - root - Scraping completed: 2 successful, 12 failed
2025-11-16 03:11:45,358 - INFO - root - Total unique articles: 30
2025-11-16 03:11:46,835 - INFO - root - Scan completed. Found 30 articles, 6 approved.
2025-11-16 03:14:10,440 - INFO - root - Tweet monitoring triggered
2025-11-16 03:14:12,427 - WARNING - root - API access limited, using simulated tweets for user1
2025-11-16 03:14:14,345 - WARNING - root - API access limited, using simulated tweets for user2
2025-11-16 03:14:16,257 - WARNING - root - API access limited, using simulated tweets for user3
2025-11-16 03:14:16,552 - INFO - root - Tweet monitoring: Found 9 tweets, 9 approved.
2025-11-16 03:16:53,262 - ERROR - root - Application error: 'ModernTkinterDashboard' object has no attribute 'load_settings'
2025-11-16 03:39:55,289 - INFO - root - Auto-scan triggered
2025-11-16 03:39:55,289 - INFO - root - Auto-scan started
2025-11-16 03:39:55,292 - INFO - root - Tweet monitoring started
2025-11-16 03:39:55,293 - INFO - root - Starting enhanced news scan...
2025-11-16 03:39:55,297 - INFO - root - Starting enhanced scraping of 14 feeds...
2025-11-16 03:39:55,304 - INFO - root - Scraping BBC News (attempt 1)...
2025-11-16 03:40:01,632 - INFO - root - Found 0 articles from BBC News
2025-11-16 03:40:01,634 - WARNING - root - ⚠️ No articles found from BBC News
2025-11-16 03:40:02,636 - INFO - root - Scraping Reuters World News (attempt 1)...
2025-11-16 03:40:09,231 - WARNING - root - Attempt 1 failed for Reuters World News: Response ended prematurely
2025-11-16 03:40:11,233 - INFO - root - Scraping Reuters World News (attempt 2)...
2025-11-16 03:40:19,434 - WARNING - root - Attempt 2 failed for Reuters World News: Response ended prematurely
2025-11-16 03:40:19,436 - ERROR - root - All attempts failed for Reuters World News: Response ended prematurely
2025-11-16 03:40:19,437 - WARNING - root - ⚠️ No articles found from Reuters World News
2025-11-16 03:40:20,439 - INFO - root - Scraping Al Jazeera English (attempt 1)...
2025-11-16 03:40:24,506 - INFO - root - Found 0 articles from Al Jazeera English
2025-11-16 03:40:24,507 - WARNING - root - ⚠️ No articles found from Al Jazeera English
2025-11-16 03:40:25,509 - INFO - root - Scraping The Guardian World (attempt 1)...
2025-11-16 03:40:33,324 - WARNING - root - Attempt 1 failed for The Guardian World: Response ended prematurely
2025-11-16 03:40:35,326 - INFO - root - Scraping The Guardian World (attempt 2)...
2025-11-16 03:40:51,351 - WARNING - root - Attempt 2 failed for The Guardian World: Response ended prematurely
2025-11-16 03:40:51,352 - ERROR - root - All attempts failed for The Guardian World: Response ended prematurely
2025-11-16 03:40:51,354 - WARNING - root - ⚠️ No articles found from The Guardian World
2025-11-16 03:40:52,356 - INFO - root - Scraping The Hindu (India) (attempt 1)...
2025-11-16 03:41:02,285 - INFO - root - Found 0 articles from The Hindu (India)
2025-11-16 03:41:02,287 - WARNING - root - ⚠️ No articles found from The Hindu (India)
2025-11-16 03:41:03,289 - INFO - root - Scraping CNN World (attempt 1)...
2025-11-16 03:41:10,717 - WARNING - root - Attempt 1 failed for CNN World: Response ended prematurely
2025-11-16 03:41:12,719 - INFO - root - Scraping CNN World (attempt 2)...
2025-11-16 03:41:21,117 - WARNING - root - Attempt 2 failed for CNN World: Response ended prematurely
2025-11-16 03:41:21,118 - ERROR - root - All attempts failed for CNN World: Response ended prematurely
2025-11-16 03:41:21,120 - WARNING - root - ⚠️ No articles found from CNN World
2025-11-16 03:41:22,121 - INFO - root - Scraping NBC News World (attempt 1)...
2025-11-16 03:41:29,649 - INFO - root - Found 15 articles from NBC News World
2025-11-16 03:41:29,650 - INFO - root - ✅ Successfully got 15 articles from NBC News World
2025-11-16 03:41:31,652 - INFO - root - Scraping DW News (Germany) (attempt 1)...
2025-11-16 03:41:32,777 - WARNING - root - Attempt 1 failed for DW News (Germany): 500 Server Error: Internal Server Error for url: https://api.allorigins.win/get?url=https%3A//rss.dw.com/rdf/rss-en-all
2025-11-16 03:41:34,779 - INFO - root - Scraping DW News (Germany) (attempt 2)...
2025-11-16 03:41:41,512 - WARNING - root - Attempt 2 failed for DW News (Germany): Response ended prematurely
2025-11-16 03:41:41,514 - ERROR - root - All attempts failed for DW News (Germany): Response ended prematurely
2025-11-16 03:41:41,523 - WARNING - root - ⚠️ No articles found from DW News (Germany)
2025-11-16 03:41:42,525 - INFO - root - Scraping Press TV (Iran) (attempt 1)...
2025-11-16 03:41:48,802 - INFO - root - Found 15 articles from Press TV (Iran)
2025-11-16 03:41:48,803 - INFO - root - ✅ Successfully got 15 articles from Press TV (Iran)
2025-11-16 03:41:50,805 - INFO - root - Scraping Tehran Times (attempt 1)...
2025-11-16 03:41:55,123 - INFO - root - Twitter client initialized - Access Level: Limited
2025-11-16 03:41:55,347 - INFO - root - Found 0 articles from Tehran Times
2025-11-16 03:41:55,348 - WARNING - root - ⚠️ No articles found from Tehran Times
2025-11-16 03:41:56,350 - INFO - root - Scraping Arab News (Saudi Arabia) (attempt 1)...
2025-11-16 03:41:57,467 - INFO - root - Found 0 articles from Arab News (Saudi Arabia)
2025-11-16 03:41:57,469 - WARNING - root - ⚠️ No articles found from Arab News (Saudi Arabia)
2025-11-16 03:41:58,471 - INFO - root - Scraping Jerusalem Post (attempt 1)...
2025-11-16 03:41:59,387 - WARNING - root - Attempt 1 failed for Jerusalem Post: 500 Server Error: Internal Server Error for url: https://api.allorigins.win/get?url=https%3A//www.jpost.com/Rss/RssFeedsHeadlines
2025-11-16 03:42:01,389 - INFO - root - Scraping Jerusalem Post (attempt 2)...
2025-11-16 03:42:07,759 - WARNING - root - Attempt 2 failed for Jerusalem Post: Response ended prematurely
2025-11-16 03:42:07,760 - ERROR - root - All attempts failed for Jerusalem Post: Response ended prematurely
2025-11-16 03:42:07,764 - WARNING - root - ⚠️ No articles found from Jerusalem Post
2025-11-16 03:42:08,765 - INFO - root - Scraping Daily Sabah (Turkey) (attempt 1)...
2025-11-16 03:42:11,844 - INFO - root - Twitter client initialized - Access Level: Limited
2025-11-16 03:42:13,705 - WARNING - root - API access limited, using simulated tweets: 403 Forbidden
453 - You currently have access to a subset of X API V2 endpoints and limited v1.1 endpoints (e.g. media post, oauth) only. If you need access to this endpoint, you may need a different access level. You can learn more here: https://developer.x.com/en/portal/product
2025-11-16 03:42:19,517 - INFO - root - Found 0 articles from Daily Sabah (Turkey)
2025-11-16 03:42:19,519 - WARNING - root - ⚠️ No articles found from Daily Sabah (Turkey)
2025-11-16 03:42:20,521 - INFO - root - Scraping China Daily (attempt 1)...
2025-11-16 03:42:36,404 - WARNING - root - Attempt 1 failed for China Daily: HTTPSConnectionPool(host='api.allorigins.win', port=443): Read timed out. (read timeout=15)
2025-11-16 03:42:38,406 - INFO - root - Scraping China Daily (attempt 2)...
2025-11-16 03:42:51,111 - WARNING - root - Attempt 2 failed for China Daily: Response ended prematurely
2025-11-16 03:42:51,112 - ERROR - root - All attempts failed for China Daily: Response ended prematurely
2025-11-16 03:42:51,113 - WARNING - root - ⚠️ No articles found from China Daily
2025-11-16 03:42:52,115 - INFO - root - Scraping completed: 2 successful, 12 failed
2025-11-16 03:42:52,116 - INFO - root - Total unique articles: 30
2025-11-16 03:42:52,924 - INFO - root - Scan completed. Found 30 articles, 6 approved.
2025-11-16 03:42:57,360 - INFO - root - Twitter client initialized - Access Level: Limited
2025-11-16 03:43:34,057 - INFO - root - Twitter client initialized - Access Level: Limited
2025-11-16 03:43:36,042 - WARNING - root - API access limited, using simulated tweets: 403 Forbidden
453 - You currently have access to a subset of X API V2 endpoints and limited v1.1 endpoints (e.g. media post, oauth) only. If you need access to this endpoint, you may need a different access level. You can learn more here: https://developer.x.com/en/portal/product
2025-11-16 03:43:57,598 - INFO - root - Twitter client initialized - Access Level: Limited
2025-11-16 03:43:57,603 - INFO - root - Twitter client initialized - Access Level: Limited
2025-11-16 03:44:20,287 - INFO - root - Twitter client initialized - Access Level: Limited
2025-11-16 03:44:25,232 - WARNING - root - API access limited, using simulated tweets: 403 Forbidden
453 - You currently have access to a subset of X API V2 endpoints and limited v1.1 endpoints (e.g. media post, oauth) only. If you need access to this endpoint, you may need a different access level. You can learn more here: https://developer.x.com/en/portal/product
2025-11-16 03:44:27,164 - WARNING - root - API access limited, using simulated tweets: 403 Forbidden
453 - You currently have access to a subset of X API V2 endpoints and limited v1.1 endpoints (e.g. media post, oauth) only. If you need access to this endpoint, you may need a different access level. You can learn more here: https://developer.x.com/en/portal/product
2025-11-16 03:44:29,076 - WARNING - root - API access limited, using simulated tweets: 403 Forbidden
453 - You currently have access to a subset of X API V2 endpoints and limited v1.1 endpoints (e.g. media post, oauth) only. If you need access to this endpoint, you may need a different access level. You can learn more here: https://developer.x.com/en/portal/product
2025-11-16 03:44:55,292 - INFO - root - Tweet monitoring triggered
2025-11-16 03:44:57,284 - WARNING - root - API access limited, using simulated tweets: 403 Forbidden
453 - You currently have access to a subset of X API V2 endpoints and limited v1.1 endpoints (e.g. media post, oauth) only. If you need access to this endpoint, you may need a different access level. You can learn more here: https://developer.x.com/en/portal/product
2025-11-16 03:44:59,203 - WARNING - root - API access limited, using simulated tweets: 403 Forbidden
453 - You currently have access to a subset of X API V2 endpoints and limited v1.1 endpoints (e.g. media post, oauth) only. If you need access to this endpoint, you may need a different access level. You can learn more here: https://developer.x.com/en/portal/product
2025-11-16 03:45:01,164 - WARNING - root - API access limited, using simulated tweets: 403 Forbidden
453 - You currently have access to a subset of X API V2 endpoints and limited v1.1 endpoints (e.g. media post, oauth) only. If you need access to this endpoint, you may need a different access level. You can learn more here: https://developer.x.com/en/portal/product
2025-11-16 03:45:01,638 - INFO - root - Tweet monitoring: Found 18 tweets, 18 approved.
2025-11-16 03:46:51,731 - WARNING - root - API access limited, using simulated tweets: 403 Forbidden
453 - You currently have access to a subset of X API V2 endpoints and limited v1.1 endpoints (e.g. media post, oauth) only. If you need access to this endpoint, you may need a different access level. You can learn more here: https://developer.x.com/en/portal/product
2025-11-16 03:46:53,743 - WARNING - root - API access limited, using simulated tweets: 403 Forbidden
453 - You currently have access to a subset of X API V2 endpoints and limited v1.1 endpoints (e.g. media post, oauth) only. If you need access to this endpoint, you may need a different access level. You can learn more here: https://developer.x.com/en/portal/product
2025-11-16 03:46:57,807 - WARNING - root - API access limited, using simulated tweets: 403 Forbidden
453 - You currently have access to a subset of X API V2 endpoints and limited v1.1 endpoints (e.g. media post, oauth) only. If you need access to this endpoint, you may need a different access level. You can learn more here: https://developer.x.com/en/portal/product
2025-11-16 03:47:52,928 - INFO - root - Auto-scan triggered
2025-11-16 03:47:52,932 - INFO - root - Starting enhanced news scan...
2025-11-16 03:47:52,936 - INFO - root - Starting enhanced scraping of 14 feeds...
2025-11-16 03:47:52,939 - INFO - root - Scraping BBC News (attempt 1)...
2025-11-16 03:47:57,244 - INFO - root - Found 0 articles from BBC News
2025-11-16 03:47:57,246 - WARNING - root - ⚠️ No articles found from BBC News
2025-11-16 03:47:58,248 - INFO - root - Scraping Reuters World News (attempt 1)...
2025-11-16 03:48:04,764 - WARNING - root - Attempt 1 failed for Reuters World News: Response ended prematurely
2025-11-16 03:48:06,767 - INFO - root - Scraping Reuters World News (attempt 2)...
2025-11-16 03:48:14,930 - WARNING - root - Attempt 2 failed for Reuters World News: Response ended prematurely
2025-11-16 03:48:14,932 - ERROR - root - All attempts failed for Reuters World News: Response ended prematurely
2025-11-16 03:48:14,933 - WARNING - root - ⚠️ No articles found from Reuters World News
2025-11-16 03:48:15,935 - INFO - root - Scraping Al Jazeera English (attempt 1)...
2025-11-16 03:48:20,296 - INFO - root - Found 0 articles from Al Jazeera English
2025-11-16 03:48:20,297 - WARNING - root - ⚠️ No articles found from Al Jazeera English
2025-11-16 03:48:21,298 - INFO - root - Scraping The Guardian World (attempt 1)...
2025-11-16 03:48:27,669 - WARNING - root - Attempt 1 failed for The Guardian World: Response ended prematurely
2025-11-16 03:48:29,671 - INFO - root - Scraping The Guardian World (attempt 2)...
2025-11-16 03:48:38,339 - WARNING - root - Attempt 2 failed for The Guardian World: Response ended prematurely
2025-11-16 03:48:38,341 - ERROR - root - All attempts failed for The Guardian World: Response ended prematurely
2025-11-16 03:48:38,343 - WARNING - root - ⚠️ No articles found from The Guardian World
2025-11-16 03:48:39,345 - INFO - root - Scraping The Hindu (India) (attempt 1)...
2025-11-16 03:48:48,783 - INFO - root - Found 0 articles from The Hindu (India)
2025-11-16 03:48:48,784 - WARNING - root - ⚠️ No articles found from The Hindu (India)
2025-11-16 03:48:49,786 - INFO - root - Scraping CNN World (attempt 1)...
2025-11-16 03:48:56,527 - WARNING - root - Attempt 1 failed for CNN World: Response ended prematurely
2025-11-16 03:48:58,530 - INFO - root - Scraping CNN World (attempt 2)...
2025-11-16 03:49:06,502 - WARNING - root - Attempt 2 failed for CNN World: Response ended prematurely
2025-11-16 03:49:06,503 - ERROR - root - All attempts failed for CNN World: Response ended prematurely
2025-11-16 03:49:06,505 - WARNING - root - ⚠️ No articles found from CNN World
2025-11-16 03:49:07,507 - INFO - root - Scraping NBC News World (attempt 1)...
2025-11-16 03:49:14,873 - INFO - root - Found 15 articles from NBC News World
2025-11-16 03:49:14,875 - INFO - root - ✅ Successfully got 15 articles from NBC News World
2025-11-16 03:49:16,877 - INFO - root - Scraping DW News (Germany) (attempt 1)...
2025-11-16 03:49:23,787 - WARNING - root - Attempt 1 failed for DW News (Germany): Response ended prematurely
2025-11-16 03:49:25,790 - INFO - root - Scraping DW News (Germany) (attempt 2)...
2025-11-16 03:49:33,955 - WARNING - root - Attempt 2 failed for DW News (Germany): Response ended prematurely
2025-11-16 03:49:33,957 - ERROR - root - All attempts failed for DW News (Germany): Response ended prematurely
2025-11-16 03:49:33,959 - WARNING - root - ⚠️ No articles found from DW News (Germany)
2025-11-16 03:49:34,961 - INFO - root - Scraping Press TV (Iran) (attempt 1)...
2025-11-16 03:49:41,194 - INFO - root - Found 15 articles from Press TV (Iran)
2025-11-16 03:49:41,195 - INFO - root - ✅ Successfully got 15 articles from Press TV (Iran)
2025-11-16 03:49:43,197 - INFO - root - Scraping Tehran Times (attempt 1)...
2025-11-16 03:49:49,579 - INFO - root - Found 0 articles from Tehran Times
2025-11-16 03:49:49,581 - WARNING - root - ⚠️ No articles found from Tehran Times
2025-11-16 03:49:50,583 - INFO - root - Scraping Arab News (Saudi Arabia) (attempt 1)...
2025-11-16 03:49:51,363 - INFO - root - Found 0 articles from Arab News (Saudi Arabia)
2025-11-16 03:49:51,364 - WARNING - root - ⚠️ No articles found from Arab News (Saudi Arabia)
2025-11-16 03:49:52,366 - INFO - root - Scraping Jerusalem Post (attempt 1)...
2025-11-16 03:49:58,826 - WARNING - root - Attempt 1 failed for Jerusalem Post: Response ended prematurely
2025-11-16 03:50:00,829 - INFO - root - Scraping Jerusalem Post (attempt 2)...
2025-11-16 03:50:09,391 - WARNING - root - Attempt 2 failed for Jerusalem Post: Response ended prematurely
2025-11-16 03:50:09,392 - ERROR - root - All attempts failed for Jerusalem Post: Response ended prematurely
2025-11-16 03:50:09,394 - WARNING - root - ⚠️ No articles found from Jerusalem Post
2025-11-16 03:50:10,396 - INFO - root - Scraping Daily Sabah (Turkey) (attempt 1)...
2025-11-16 03:50:22,150 - INFO - root - Found 0 articles from Daily Sabah (Turkey)
2025-11-16 03:50:22,152 - WARNING - root - ⚠️ No articles found from Daily Sabah (Turkey)
2025-11-16 03:50:23,155 - INFO - root - Scraping China Daily (attempt 1)...
2025-11-16 03:50:31,291 - WARNING - root - Attempt 1 failed for China Daily: Response ended prematurely
2025-11-16 03:50:33,293 - INFO - root - Scraping China Daily (attempt 2)...
2025-11-16 03:50:43,292 - WARNING - root - Attempt 2 failed for China Daily: Response ended prematurely
2025-11-16 03:50:43,293 - ERROR - root - All attempts failed for China Daily: Response ended prematurely
2025-11-16 03:50:43,295 - WARNING - root - ⚠️ No articles found from China Daily
2025-11-16 03:50:44,298 - INFO - root - Scraping completed: 2 successful, 12 failed
2025-11-16 03:50:44,299 - INFO - root - Total unique articles: 30
2025-11-16 03:50:45,579 - INFO - root - Scan completed. Found 30 articles, 6 approved.
2025-11-16 03:54:00,316 - WARNING - root - API access limited, using simulated tweets: 403 Forbidden
453 - You currently have access to a subset of X API V2 endpoints and limited v1.1 endpoints (e.g. media post, oauth) only. If you need access to this endpoint, you may need a different access level. You can learn more here: https://developer.x.com/en/portal/product
2025-11-16 03:54:02,313 - WARNING - root - API access limited, using simulated tweets: 403 Forbidden
453 - You currently have access to a subset of X API V2 endpoints and limited v1.1 endpoints (e.g. media post, oauth) only. If you need access to this endpoint, you may need a different access level. You can learn more here: https://developer.x.com/en/portal/product
2025-11-16 03:54:06,339 - WARNING - root - API access limited, using simulated tweets: 403 Forbidden
453 - You currently have access to a subset of X API V2 endpoints and limited v1.1 endpoints (e.g. media post, oauth) only. If you need access to this endpoint, you may need a different access level. You can learn more here: https://developer.x.com/en/portal/product
2025-11-16 03:55:45,639 - INFO - root - Auto-scan triggered
2025-11-16 03:55:45,644 - INFO - root - Starting enhanced news scan...
2025-11-16 03:55:45,648 - INFO - root - Starting enhanced scraping of 14 feeds...
2025-11-16 03:55:45,651 - INFO - root - Scraping BBC News (attempt 1)...
2025-11-16 03:55:52,799 - INFO - root - Found 0 articles from BBC News
2025-11-16 03:55:52,800 - WARNING - root - ⚠️ No articles found from BBC News
2025-11-16 03:55:53,802 - INFO - root - Scraping Reuters World News (attempt 1)...
2025-11-16 03:56:00,241 - WARNING - root - Attempt 1 failed for Reuters World News: Response ended prematurely
2025-11-16 03:56:02,243 - INFO - root - Scraping Reuters World News (attempt 2)...
2025-11-16 03:56:11,681 - WARNING - root - Attempt 2 failed for Reuters World News: Response ended prematurely
2025-11-16 03:56:11,682 - ERROR - root - All attempts failed for Reuters World News: Response ended prematurely
2025-11-16 03:56:11,684 - WARNING - root - ⚠️ No articles found from Reuters World News
2025-11-16 03:56:12,686 - INFO - root - Scraping Al Jazeera English (attempt 1)...
2025-11-16 03:56:18,971 - INFO - root - Found 0 articles from Al Jazeera English
2025-11-16 03:56:18,973 - WARNING - root - ⚠️ No articles found from Al Jazeera English
2025-11-16 03:56:19,975 - INFO - root - Scraping The Guardian World (attempt 1)...
2025-11-16 03:56:26,487 - WARNING - root - Attempt 1 failed for The Guardian World: Response ended prematurely
2025-11-16 03:56:28,490 - INFO - root - Scraping The Guardian World (attempt 2)...
2025-11-16 03:56:37,541 - WARNING - root - Attempt 2 failed for The Guardian World: Response ended prematurely
2025-11-16 03:56:37,543 - ERROR - root - All attempts failed for The Guardian World: Response ended prematurely
2025-11-16 03:56:37,544 - WARNING - root - ⚠️ No articles found from The Guardian World
2025-11-16 03:56:38,546 - INFO - root - Scraping The Hindu (India) (attempt 1)...
2025-11-16 03:56:42,686 - WARNING - root - Attempt 1 failed for The Hindu (India): 500 Server Error: Internal Server Error for url: https://api.allorigins.win/get?url=https%3A//www.thehindu.com/news/international/feeder/default.rss
2025-11-16 03:56:44,689 - INFO - root - Scraping The Hindu (India) (attempt 2)...
2025-11-16 03:56:51,928 - INFO - root - Found 0 articles from The Hindu (India)
2025-11-16 03:56:51,929 - WARNING - root - ⚠️ No articles found from The Hindu (India)
2025-11-16 03:56:52,931 - INFO - root - Scraping CNN World (attempt 1)...
2025-11-16 03:56:59,617 - WARNING - root - Attempt 1 failed for CNN World: Response ended prematurely
2025-11-16 03:57:01,619 - INFO - root - Scraping CNN World (attempt 2)...
2025-11-16 03:57:12,707 - INFO - root - Found 0 articles from CNN World
2025-11-16 03:57:12,709 - WARNING - root - ⚠️ No articles found from CNN World
2025-11-16 03:57:13,710 - INFO - root - Scraping NBC News World (attempt 1)...
2025-11-16 03:57:19,496 - INFO - root - Found 15 articles from NBC News World
2025-11-16 03:57:19,498 - INFO - root - ✅ Successfully got 15 articles from NBC News World
2025-11-16 03:57:21,499 - INFO - root - Scraping DW News (Germany) (attempt 1)...
2025-11-16 03:57:23,974 - INFO - root - Twitter client initialized - Access Level: Limited
2025-11-16 03:57:26,144 - WARNING - root - API access limited, using simulated tweets: 403 Forbidden
453 - You currently have access to a subset of X API V2 endpoints and limited v1.1 endpoints (e.g. media post, oauth) only. If you need access to this endpoint, you may need a different access level. You can learn more here: https://developer.x.com/en/portal/product
2025-11-16 03:57:29,374 - INFO - root - Found 0 articles from DW News (Germany)
2025-11-16 03:57:29,376 - WARNING - root - ⚠️ No articles found from DW News (Germany)
2025-11-16 03:57:30,378 - INFO - root - Scraping Press TV (Iran) (attempt 1)...
2025-11-16 03:57:34,836 - INFO - root - Found 15 articles from Press TV (Iran)
2025-11-16 03:57:34,837 - INFO - root - ✅ Successfully got 15 articles from Press TV (Iran)
2025-11-16 03:57:36,840 - INFO - root - Scraping Tehran Times (attempt 1)...
2025-11-16 03:57:41,336 - INFO - root - Found 0 articles from Tehran Times
2025-11-16 03:57:41,338 - WARNING - root - ⚠️ No articles found from Tehran Times
2025-11-16 03:57:42,339 - INFO - root - Scraping Arab News (Saudi Arabia) (attempt 1)...
2025-11-16 03:57:43,455 - INFO - root - Found 0 articles from Arab News (Saudi Arabia)
2025-11-16 03:57:43,456 - WARNING - root - ⚠️ No articles found from Arab News (Saudi Arabia)
2025-11-16 03:57:44,458 - INFO - root - Scraping Jerusalem Post (attempt 1)...
2025-11-16 03:57:49,241 - INFO - root - Twitter client initialized - Access Level: Limited
2025-11-16 03:57:53,091 - INFO - root - Found 0 articles from Jerusalem Post
2025-11-16 03:57:53,093 - WARNING - root - ⚠️ No articles found from Jerusalem Post
2025-11-16 03:57:54,095 - INFO - root - Scraping Daily Sabah (Turkey) (attempt 1)...
2025-11-16 03:58:03,899 - INFO - root - Found 0 articles from Daily Sabah (Turkey)
2025-11-16 03:58:03,901 - WARNING - root - ⚠️ No articles found from Daily Sabah (Turkey)
2025-11-16 03:58:04,903 - INFO - root - Scraping China Daily (attempt 1)...
2025-11-16 03:58:29,815 - WARNING - root - Attempt 1 failed for China Daily: HTTPSConnectionPool(host='api.allorigins.win', port=443): Read timed out.
2025-11-16 03:58:31,817 - INFO - root - Scraping China Daily (attempt 2)...
2025-11-16 03:58:44,537 - WARNING - root - Attempt 2 failed for China Daily: Response ended prematurely
2025-11-16 03:58:44,538 - ERROR - root - All attempts failed for China Daily: Response ended prematurely
2025-11-16 03:58:44,539 - WARNING - root - ⚠️ No articles found from China Daily
2025-11-16 03:58:45,541 - INFO - root - Scraping completed: 2 successful, 12 failed
2025-11-16 03:58:45,543 - INFO - root - Total unique articles: 30
2025-11-16 03:58:46,994 - INFO - root - Scan completed. Found 30 articles, 6 approved.
